{
  "snr_db": [
    0.0,
    2.0,
    4.0,
    6.0,
    8.0,
    10.0,
    12.0,
    14.0,
    16.0,
    18.0,
    20.0,
    22.0,
    24.0,
    26.0,
    28.0,
    30.0
  ],
  "ber": [
    0.1166,
    0.07446666666666667,
    0.043333333333333335,
    0.023533333333333333,
    0.0118,
    0.005925,
    0.0025300925925925925,
    0.0011175438596491229,
    0.0004516666666666667,
    0.00020166666666666664,
    8.833333333333333e-05,
    3.1666666666666666e-05,
    1.1666666666666668e-05,
    0.0,
    0.0,
    0.0
  ],
  "ser": [
    0.2138,
    0.13893333333333335,
    0.082,
    0.044866666666666666,
    0.022533333333333332,
    0.011333333333333334,
    0.004866666666666667,
    0.0021298245614035085,
    0.0008566666666666667,
    0.00039333333333333337,
    0.00017333333333333336,
    6.333333333333333e-05,
    2.3333333333333336e-05,
    0.0,
    0.0,
    0.0
  ],
  "ber_ci95": [
    0.0071917133795315665,
    0.0029989352184474536,
    0.002777243077426083,
    0.0019248401953870801,
    0.0010794838272680763,
    0.0004224622271083338,
    0.00019166927623916847,
    6.36140350877193e-05,
    4.284193169210642e-05,
    3.637606050382281e-05,
    1.7285575232288663e-05,
    1.8188030251911405e-05,
    6.533333333333334e-06,
    0.0,
    0.0,
    0.0
  ],
  "scheme": "alamouti_2x1",
  "config": {
    "seed": 42,
    "modulation": "qpsk",
    "scheme": "alamouti_2x1",
    "n_tx": 1,
    "n_rx": 1,
    "snr_db": {
      "start": 0,
      "stop": 30,
      "step": 2
    },
    "n_symbols": 100000,
    "max_errors": 200,
    "batch_size": 5000,
    "seeds": [
      42,
      43,
      44
    ],
    "parallel": {
      "enabled": false,
      "workers": 4
    },
    "channel": {
      "type": "rayleigh",
      "correlation_rho": 0.0
    },
    "receiver": {
      "detector": "ml"
    },
    "output": {
      "save_raw_json": true,
      "save_csv": true,
      "save_numpy": true,
      "plot": true
    }
  },
  "runtime_s": 1.4814626999996108,
  "seed_runs": [
    {
      "snr_db": 0.0,
      "ber": 0.1196,
      "ser": 0.2198,
      "bit_errors": 1196,
      "total_bits": 10000,
      "symbol_errors": 1099,
      "total_symbols": 5000,
      "seed": 42,
      "scheme": "alamouti_2x1"
    },
    {
      "snr_db": 0.0,
      "ber": 0.1209,
      "ser": 0.222,
      "bit_errors": 1209,
      "total_bits": 10000,
      "symbol_errors": 1110,
      "total_symbols": 5000,
      "seed": 43,
      "scheme": "alamouti_2x1"
    },
    {
      "snr_db": 0.0,
      "ber": 0.1093,
      "ser": 0.1996,
      "bit_errors": 1093,
      "total_bits": 10000,
      "symbol_errors": 998,
      "total_symbols": 5000,
      "seed": 44,
      "scheme": "alamouti_2x1"
    },
    {
      "snr_db": 2.0,
      "ber": 0.0766,
      "ser": 0.1432,
      "bit_errors": 766,
      "total_bits": 10000,
      "symbol_errors": 716,
      "total_symbols": 5000,
      "seed": 42,
      "scheme": "alamouti_2x1"
    },
    {
      "snr_db": 2.0,
      "ber": 0.0753,
      "ser": 0.1408,
      "bit_errors": 753,
      "total_bits": 10000,
      "symbol_errors": 704,
      "total_symbols": 5000,
      "seed": 43,
      "scheme": "alamouti_2x1"
    },
    {
      "snr_db": 2.0,
      "ber": 0.0715,
      "ser": 0.1328,
      "bit_errors": 715,
      "total_bits": 10000,
      "symbol_errors": 664,
      "total_symbols": 5000,
      "seed": 44,
      "scheme": "alamouti_2x1"
    },
    {
      "snr_db": 4.0,
      "ber": 0.0448,
      "ser": 0.0842,
      "bit_errors": 448,
      "total_bits": 10000,
      "symbol_errors": 421,
      "total_symbols": 5000,
      "seed": 42,
      "scheme": "alamouti_2x1"
    },
    {
      "snr_db": 4.0,
      "ber": 0.0447,
      "ser": 0.0852,
      "bit_errors": 447,
      "total_bits": 10000,
      "symbol_errors": 426,
      "total_symbols": 5000,
      "seed": 43,
      "scheme": "alamouti_2x1"
    },
    {
      "snr_db": 4.0,
      "ber": 0.0405,
      "ser": 0.0766,
      "bit_errors": 405,
      "total_bits": 10000,
      "symbol_errors": 383,
      "total_symbols": 5000,
      "seed": 44,
      "scheme": "alamouti_2x1"
    },
    {
      "snr_db": 6.0,
      "ber": 0.0248,
      "ser": 0.0472,
      "bit_errors": 248,
      "total_bits": 10000,
      "symbol_errors": 236,
      "total_symbols": 5000,
      "seed": 42,
      "scheme": "alamouti_2x1"
    },
    {
      "snr_db": 6.0,
      "ber": 0.0242,
      "ser": 0.046,
      "bit_errors": 242,
      "total_bits": 10000,
      "symbol_errors": 230,
      "total_symbols": 5000,
      "seed": 43,
      "scheme": "alamouti_2x1"
    },
    {
      "snr_db": 6.0,
      "ber": 0.0216,
      "ser": 0.0414,
      "bit_errors": 216,
      "total_bits": 10000,
      "symbol_errors": 207,
      "total_symbols": 5000,
      "seed": 44,
      "scheme": "alamouti_2x1"
    },
    {
      "snr_db": 8.0,
      "ber": 0.0117,
      "ser": 0.0222,
      "bit_errors": 234,
      "total_bits": 20000,
      "symbol_errors": 222,
      "total_symbols": 10000,
      "seed": 42,
      "scheme": "alamouti_2x1"
    },
    {
      "snr_db": 8.0,
      "ber": 0.0128,
      "ser": 0.0241,
      "bit_errors": 256,
      "total_bits": 20000,
      "symbol_errors": 241,
      "total_symbols": 10000,
      "seed": 43,
      "scheme": "alamouti_2x1"
    },
    {
      "snr_db": 8.0,
      "ber": 0.0109,
      "ser": 0.0213,
      "bit_errors": 218,
      "total_bits": 20000,
      "symbol_errors": 213,
      "total_symbols": 10000,
      "seed": 44,
      "scheme": "alamouti_2x1"
    },
    {
      "snr_db": 10.0,
      "ber": 0.00635,
      "ser": 0.01195,
      "bit_errors": 254,
      "total_bits": 40000,
      "symbol_errors": 239,
      "total_symbols": 20000,
      "seed": 42,
      "scheme": "alamouti_2x1"
    },
    {
      "snr_db": 10.0,
      "ber": 0.005775,
      "ser": 0.011,
      "bit_errors": 231,
      "total_bits": 40000,
      "symbol_errors": 220,
      "total_symbols": 20000,
      "seed": 43,
      "scheme": "alamouti_2x1"
    },
    {
      "snr_db": 10.0,
      "ber": 0.00565,
      "ser": 0.01105,
      "bit_errors": 226,
      "total_bits": 40000,
      "symbol_errors": 221,
      "total_symbols": 20000,
      "seed": 44,
      "scheme": "alamouti_2x1"
    },
    {
      "snr_db": 12.0,
      "ber": 0.0027125,
      "ser": 0.005175,
      "bit_errors": 217,
      "total_bits": 80000,
      "symbol_errors": 207,
      "total_symbols": 40000,
      "seed": 42,
      "scheme": "alamouti_2x1"
    },
    {
      "snr_db": 12.0,
      "ber": 0.0025,
      "ser": 0.004825,
      "bit_errors": 200,
      "total_bits": 80000,
      "symbol_errors": 193,
      "total_symbols": 40000,
      "seed": 43,
      "scheme": "alamouti_2x1"
    },
    {
      "snr_db": 12.0,
      "ber": 0.0023777777777777777,
      "ser": 0.0046,
      "bit_errors": 214,
      "total_bits": 90000,
      "symbol_errors": 207,
      "total_symbols": 45000,
      "seed": 44,
      "scheme": "alamouti_2x1"
    },
    {
      "snr_db": 14.0,
      "ber": 0.00115,
      "ser": 0.0021555555555555555,
      "bit_errors": 207,
      "total_bits": 180000,
      "symbol_errors": 194,
      "total_symbols": 90000,
      "seed": 42,
      "scheme": "alamouti_2x1"
    },
    {
      "snr_db": 14.0,
      "ber": 0.00115,
      "ser": 0.0022444444444444443,
      "bit_errors": 207,
      "total_bits": 180000,
      "symbol_errors": 202,
      "total_symbols": 90000,
      "seed": 43,
      "scheme": "alamouti_2x1"
    },
    {
      "snr_db": 14.0,
      "ber": 0.0010526315789473684,
      "ser": 0.001989473684210526,
      "bit_errors": 200,
      "total_bits": 190000,
      "symbol_errors": 189,
      "total_symbols": 95000,
      "seed": 44,
      "scheme": "alamouti_2x1"
    },
    {
      "snr_db": 16.0,
      "ber": 0.000435,
      "ser": 0.00079,
      "bit_errors": 87,
      "total_bits": 200000,
      "symbol_errors": 79,
      "total_symbols": 100000,
      "seed": 42,
      "scheme": "alamouti_2x1"
    },
    {
      "snr_db": 16.0,