{
  "snr_db": [
    0.0,
    2.0,
    4.0,
    6.0,
    8.0,
    10.0,
    12.0,
    14.0,
    16.0,
    18.0,
    20.0,
    22.0,
    24.0,
    26.0,
    28.0,
    30.0
  ],
  "ber": [
    0.09333333333333334,
    0.06880000000000001,
    0.04643333333333333,
    0.028233333333333333,
    0.015983333333333336,
    0.008144444444444445,
    0.0038722222222222226,
    0.0017845959595959597,
    0.0008016666666666667,
    0.0003416666666666666,
    0.0001566666666666667,
    6.666666666666666e-05,
    2.5e-05,
    1e-05,
    3.3333333333333337e-06,
    0.0
  ],
  "ser": [
    0.8300000000000001,
    0.8087333333333332,
    0.7908,
    0.7759333333333333,
    0.7647666666666666,
    0.7573333333333334,
    0.7517044444444445,
    0.7513767676767676,
    0.7503033333333334,
    0.74986,
    0.7497033333333333,
    0.74961,
    0.74957,
    0.7495600000000001,
    0.7495600000000001,
    0.7495566666666665
  ],
  "ber_ci95": [
    0.001199360570378135,
    0.0008838129515532856,
    0.001188635819379135,
    0.0001728557523228877,
    0.0013066666666666678,
    0.0005023071707901056,
    0.00044701773489274683,
    7.491416644023584e-05,
    4.014147204298543e-05,
    5.436816879183791e-05,
    2.2866666666666672e-05,
    3.974071519794837e-05,
    2.4662792488551116e-05,
    1.1316065276116667e-05,
    6.533333333333334e-06,
    0.0
  ],
  "scheme": "mrc_2x1",
  "config": {
    "seed": 42,
    "modulation": "qpsk",
    "scheme": "mrc_2x1",
    "n_tx": 1,
    "n_rx": 1,
    "snr_db": {
      "start": 0,
      "stop": 30,
      "step": 2
    },
    "n_symbols": 100000,
    "max_errors": 200,
    "batch_size": 5000,
    "seeds": [
      42,
      43,
      44
    ],
    "parallel": {
      "enabled": false,
      "workers": 4
    },
    "channel": {
      "type": "rayleigh",
      "correlation_rho": 0.0
    },
    "receiver": {
      "detector": "ml"
    },
    "output": {
      "save_raw_json": true,
      "save_csv": true,
      "save_numpy": true,
      "plot": true
    }
  },
  "runtime_s": 1.065154399999301,
  "seed_runs": [
    {
      "snr_db": 0.0,
      "ber": 0.0922,
      "ser": 0.8316,
      "bit_errors": 922,
      "total_bits": 10000,
      "symbol_errors": 4158,
      "total_symbols": 5000,
      "seed": 42,
      "scheme": "mrc_2x1"
    },
    {
      "snr_db": 0.0,
      "ber": 0.0935,
      "ser": 0.8316,
      "bit_errors": 935,
      "total_bits": 10000,
      "symbol_errors": 4158,
      "total_symbols": 5000,
      "seed": 43,
      "scheme": "mrc_2x1"
    },
    {
      "snr_db": 0.0,
      "ber": 0.0943,
      "ser": 0.8268,
      "bit_errors": 943,
      "total_bits": 10000,
      "symbol_errors": 4134,
      "total_symbols": 5000,
      "seed": 44,
      "scheme": "mrc_2x1"
    },
    {
      "snr_db": 2.0,
      "ber": 0.0683,
      "ser": 0.8098,
      "bit_errors": 683,
      "total_bits": 10000,
      "symbol_errors": 4049,
      "total_symbols": 5000,
      "seed": 42,
      "scheme": "mrc_2x1"
    },
    {
      "snr_db": 2.0,
      "ber": 0.0697,
      "ser": 0.8122,
      "bit_errors": 697,
      "total_bits": 10000,
      "symbol_errors": 4061,
      "total_symbols": 5000,
      "seed": 43,
      "scheme": "mrc_2x1"
    },
    {
      "snr_db": 2.0,
      "ber": 0.0684,
      "ser": 0.8042,
      "bit_errors": 684,
      "total_bits": 10000,
      "symbol_errors": 4021,
      "total_symbols": 5000,
      "seed": 44,
      "scheme": "mrc_2x1"
    },
    {
      "snr_db": 4.0,
      "ber": 0.0475,
      "ser": 0.7954,
      "bit_errors": 475,
      "total_bits": 10000,
      "symbol_errors": 3977,
      "total_symbols": 5000,
      "seed": 42,
      "scheme": "mrc_2x1"
    },
    {
      "snr_db": 4.0,
      "ber": 0.0454,
      "ser": 0.7914,
      "bit_errors": 454,
      "total_bits": 10000,
      "symbol_errors": 3957,
      "total_symbols": 5000,
      "seed": 43,
      "scheme": "mrc_2x1"
    },
    {
      "snr_db": 4.0,
      "ber": 0.0464,
      "ser": 0.7856,
      "bit_errors": 464,
      "total_bits": 10000,
      "symbol_errors": 3928,
      "total_symbols": 5000,
      "seed": 44,
      "scheme": "mrc_2x1"
    },
    {
      "snr_db": 6.0,
      "ber": 0.0284,
      "ser": 0.7816,
      "bit_errors": 284,
      "total_bits": 10000,
      "symbol_errors": 3908,
      "total_symbols": 5000,
      "seed": 42,
      "scheme": "mrc_2x1"
    },
    {
      "snr_db": 6.0,
      "ber": 0.0282,
      "ser": 0.7762,
      "bit_errors": 282,
      "total_bits": 10000,
      "symbol_errors": 3881,
      "total_symbols": 5000,
      "seed": 43,
      "scheme": "mrc_2x1"
    },
    {
      "snr_db": 6.0,
      "ber": 0.0281,
      "ser": 0.77,
      "bit_errors": 281,
      "total_bits": 10000,
      "symbol_errors": 3850,
      "total_symbols": 5000,
      "seed": 44,
      "scheme": "mrc_2x1"
    },
    {
      "snr_db": 8.0,
      "ber": 0.01665,
      "ser": 0.7664,
      "bit_errors": 333,
      "total_bits": 20000,
      "symbol_errors": 7664,
      "total_symbols": 10000,
      "seed": 42,
      "scheme": "mrc_2x1"
    },
    {
      "snr_db": 8.0,
      "ber": 0.01465,
      "ser": 0.7654,
      "bit_errors": 293,
      "total_bits": 20000,
      "symbol_errors": 7654,
      "total_symbols": 10000,
      "seed": 43,
      "scheme": "mrc_2x1"
    },
    {
      "snr_db": 8.0,
      "ber": 0.01665,
      "ser": 0.7625,
      "bit_errors": 333,
      "total_bits": 20000,
      "symbol_errors": 7625,
      "total_symbols": 10000,
      "seed": 44,
      "scheme": "mrc_2x1"
    },
    {
      "snr_db": 10.0,
      "ber": 0.008433333333333333,
      "ser": 0.7562,
      "bit_errors": 253,
      "total_bits": 30000,
      "symbol_errors": 11343,
      "total_symbols": 15000,
      "seed": 42,
      "scheme": "mrc_2x1"
    },
    {
      "snr_db": 10.0,
      "ber": 0.007633333333333333,
      "ser": 0.7578666666666667,
      "bit_errors": 229,
      "total_bits": 30000,
      "symbol_errors": 11368,
      "total_symbols": 15000,
      "seed": 43,
      "scheme": "mrc_2x1"
    },
    {
      "snr_db": 10.0,
      "ber": 0.008366666666666666,
      "ser": 0.7579333333333333,
      "bit_errors": 251,
      "total_bits": 30000,
      "symbol_errors": 11369,
      "total_symbols": 15000,
      "seed": 44,
      "scheme": "mrc_2x1"
    },
    {
      "snr_db": 12.0,
      "ber": 0.00412,
      "ser": 0.74972,
      "bit_errors": 206,
      "total_bits": 50000,
      "symbol_errors": 18743,
      "total_symbols": 25000,
      "seed": 42,
      "scheme": "mrc_2x1"
    },
    {
      "snr_db": 12.0,
      "ber": 0.003416666666666667,
      "ser": 0.7528333333333334,
      "bit_errors": 205,
      "total_bits": 60000,
      "symbol_errors": 22585,
      "total_symbols": 30000,
      "seed": 43,
      "scheme": "mrc_2x1"
    },
    {
      "snr_db": 12.0,
      "ber": 0.00408,
      "ser": 0.75256,
      "bit_errors": 204,
      "total_bits": 50000,
      "symbol_errors": 18814,
      "total_symbols": 25000,
      "seed": 44,
      "scheme": "mrc_2x1"
    },
    {
      "snr_db": 14.0,
      "ber": 0.0018272727272727273,
      "ser": 0.7499090909090909,
      "bit_errors": 201,
      "total_bits": 110000,
      "symbol_errors": 41245,
      "total_symbols": 55000,
      "seed": 42,
      "scheme": "mrc_2x1"
    },
    {
      "snr_db": 14.0,
      "ber": 0.0017083333333333334,
      "ser": 0.7507666666666667,
      "bit_errors": 205,
      "total_bits": 120000,
      "symbol_errors": 45046,
      "total_symbols": 60000,
      "seed": 43,
      "scheme": "mrc_2x1"
    },
    {
      "snr_db": 14.0,
      "ber": 0.0018181818181818182,
      "ser": 0.7534545454545455,
      "bit_errors": 200,
      "total_bits": 110000,
      "symbol_errors": 41440,
      "total_symbols": 55000,
      "seed": 44,
      "scheme": "mrc_2x1"
    },
    {
      "snr_db": 16.0,
      "ber": 0.00084,
      "ser": 0.74952,
      "bit_errors": 168,
      "total_bits": 200000,
      "symbol_errors": 74952,
      "total_symbols": 100000,
      "seed": 42,