{
  "snr_db": [
    0.0,
    2.0,
    4.0,
    6.0,
    8.0,
    10.0,
    12.0,
    14.0,
    16.0,
    18.0,
    20.0,
    22.0,
    24.0,
    26.0,
    28.0,
    30.0
  ],
  "ber": [
    0.05536666666666667,
    0.03546666666666667,
    0.021083333333333332,
    0.0113,
    0.006108333333333334,
    0.002801190476190476,
    0.001217824074074074,
    0.0004950000000000001,
    0.0002016666666666667,
    0.00010333333333333333,
    4.333333333333334e-05,
    1.1666666666666668e-05,
    6.6666666666666675e-06,
    3.3333333333333337e-06,
    1.6666666666666669e-06,
    1.6666666666666669e-06
  ],
  "ser": [
    0.8005333333333334,
    0.7834,
    0.7717333333333333,
    0.7606333333333333,
    0.7555333333333333,
    0.7529130952380952,
    0.7523870370370371,
    0.7518266666666666,
    0.75156,
    0.7514600000000001,
    0.7514033333333333,
    0.75137,
    0.7513633333333333,
    0.7513633333333333,
    0.75136,
    0.75136
  ],
  "ber_ci95": [
    0.0004573333333333328,
    0.0013405279225406374,
    0.0010468634634521869,
    0.0007355442429475838,
    0.00027184084395918945,
    0.0001782978157777348,
    6.223683759676937e-05,
    5.1856725696865996e-05,
    2.5513482274628396e-05,
    2.5513482274628407e-05,
    1.1778134166515701e-05,
    8.64278761614433e-06,
    8.64278761614433e-06,
    6.533333333333334e-06,
    3.266666666666667e-06,
    3.266666666666667e-06
  ],
  "scheme": "alamouti_2x1",
  "config": {
    "seed": 42,
    "modulation": "qpsk",
    "scheme": "alamouti_2x1",
    "n_tx": 1,
    "n_rx": 1,
    "snr_db": {
      "start": 0,
      "stop": 30,
      "step": 2
    },
    "n_symbols": 100000,
    "max_errors": 200,
    "batch_size": 5000,
    "seeds": [
      42,
      43,
      44
    ],
    "parallel": {
      "enabled": false,
      "workers": 4
    },
    "channel": {
      "type": "rayleigh",
      "correlation_rho": 0.0
    },
    "receiver": {
      "detector": "ml"
    },
    "output": {
      "save_raw_json": true,
      "save_csv": true,
      "save_numpy": true,
      "plot": true
    }
  },
  "runtime_s": 0.6974854999989475,
  "seed_runs": [
    {
      "snr_db": 0.0,
      "ber": 0.0556,
      "ser": 0.8058,
      "bit_errors": 556,
      "total_bits": 10000,
      "symbol_errors": 4029,
      "total_symbols": 5000,
      "seed": 42,
      "scheme": "alamouti_2x1"
    },
    {
      "snr_db": 0.0,
      "ber": 0.0556,
      "ser": 0.7988,
      "bit_errors": 556,
      "total_bits": 10000,
      "symbol_errors": 3994,
      "total_symbols": 5000,
      "seed": 43,
      "scheme": "alamouti_2x1"
    },
    {
      "snr_db": 0.0,
      "ber": 0.0549,
      "ser": 0.797,
      "bit_errors": 549,
      "total_bits": 10000,
      "symbol_errors": 3985,
      "total_symbols": 5000,
      "seed": 44,
      "scheme": "alamouti_2x1"
    },
    {
      "snr_db": 2.0,
      "ber": 0.0362,
      "ser": 0.7892,
      "bit_errors": 362,
      "total_bits": 10000,
      "symbol_errors": 3946,
      "total_symbols": 5000,
      "seed": 42,
      "scheme": "alamouti_2x1"
    },
    {
      "snr_db": 2.0,
      "ber": 0.0361,
      "ser": 0.7834,
      "bit_errors": 361,
      "total_bits": 10000,
      "symbol_errors": 3917,
      "total_symbols": 5000,
      "seed": 43,
      "scheme": "alamouti_2x1"
    },
    {
      "snr_db": 2.0,
      "ber": 0.0341,
      "ser": 0.7776,
      "bit_errors": 341,
      "total_bits": 10000,
      "symbol_errors": 3888,
      "total_symbols": 5000,
      "seed": 44,
      "scheme": "alamouti_2x1"
    },
    {
      "snr_db": 4.0,
      "ber": 0.022,
      "ser": 0.7786,
      "bit_errors": 220,
      "total_bits": 10000,
      "symbol_errors": 3893,
      "total_symbols": 5000,
      "seed": 42,
      "scheme": "alamouti_2x1"
    },
    {
      "snr_db": 4.0,
      "ber": 0.0211,
      "ser": 0.7692,
      "bit_errors": 211,
      "total_bits": 10000,
      "symbol_errors": 3846,
      "total_symbols": 5000,
      "seed": 43,
      "scheme": "alamouti_2x1"
    },
    {
      "snr_db": 4.0,
      "ber": 0.02015,
      "ser": 0.7674,
      "bit_errors": 403,
      "total_bits": 20000,
      "symbol_errors": 7674,
      "total_symbols": 10000,
      "seed": 44,
      "scheme": "alamouti_2x1"
    },
    {
      "snr_db": 6.0,
      "ber": 0.0113,
      "ser": 0.763,
      "bit_errors": 226,
      "total_bits": 20000,
      "symbol_errors": 7630,
      "total_symbols": 10000,
      "seed": 42,
      "scheme": "alamouti_2x1"
    },
    {
      "snr_db": 6.0,
      "ber": 0.01195,
      "ser": 0.7615,
      "bit_errors": 239,
      "total_bits": 20000,
      "symbol_errors": 7615,
      "total_symbols": 10000,
      "seed": 43,
      "scheme": "alamouti_2x1"
    },
    {
      "snr_db": 6.0,
      "ber": 0.01065,
      "ser": 0.7574,
      "bit_errors": 213,
      "total_bits": 20000,
      "symbol_errors": 7574,
      "total_symbols": 10000,
      "seed": 44,
      "scheme": "alamouti_2x1"
    },
    {
      "snr_db": 8.0,
      "ber": 0.00615,
      "ser": 0.757,
      "bit_errors": 246,
      "total_bits": 40000,
      "symbol_errors": 15140,
      "total_symbols": 20000,
      "seed": 42,
      "scheme": "alamouti_2x1"
    },
    {
      "snr_db": 8.0,
      "ber": 0.006325,
      "ser": 0.75605,
      "bit_errors": 253,
      "total_bits": 40000,
      "symbol_errors": 15121,
      "total_symbols": 20000,
      "seed": 43,
      "scheme": "alamouti_2x1"
    },
    {
      "snr_db": 8.0,
      "ber": 0.00585,
      "ser": 0.75355,
      "bit_errors": 234,
      "total_bits": 40000,
      "symbol_errors": 15071,
      "total_symbols": 20000,
      "seed": 44,
      "scheme": "alamouti_2x1"
    },
    {
      "snr_db": 10.0,
      "ber": 0.002625,
      "ser": 0.7527,
      "bit_errors": 210,
      "total_bits": 80000,
      "symbol_errors": 30108,
      "total_symbols": 40000,
      "seed": 42,
      "scheme": "alamouti_2x1"
    },
    {
      "snr_db": 10.0,
      "ber": 0.0029285714285714284,
      "ser": 0.7541142857142857,
      "bit_errors": 205,
      "total_bits": 70000,
      "symbol_errors": 26394,
      "total_symbols": 35000,
      "seed": 43,
      "scheme": "alamouti_2x1"
    },
    {
      "snr_db": 10.0,
      "ber": 0.00285,
      "ser": 0.751925,
      "bit_errors": 228,
      "total_bits": 80000,
      "symbol_errors": 30077,
      "total_symbols": 40000,
      "seed": 44,
      "scheme": "alamouti_2x1"
    },
    {
      "snr_db": 12.0,
      "ber": 0.0011833333333333333,
      "ser": 0.7531888888888889,
      "bit_errors": 213,
      "total_bits": 180000,
      "symbol_errors": 67787,
      "total_symbols": 90000,
      "seed": 42,
      "scheme": "alamouti_2x1"
    },
    {
      "snr_db": 12.0,
      "ber": 0.00128125,
      "ser": 0.75255,
      "bit_errors": 205,
      "total_bits": 160000,
      "symbol_errors": 60204,
      "total_symbols": 80000,
      "seed": 43,
      "scheme": "alamouti_2x1"
    },
    {
      "snr_db": 12.0,
      "ber": 0.0011888888888888889,
      "ser": 0.7514222222222222,
      "bit_errors": 214,
      "total_bits": 180000,
      "symbol_errors": 67628,
      "total_symbols": 90000,
      "seed": 44,
      "scheme": "alamouti_2x1"
    },
    {
      "snr_db": 14.0,
      "ber": 0.000505,
      "ser": 0.75319,
      "bit_errors": 101,
      "total_bits": 200000,
      "symbol_errors": 75319,
      "total_symbols": 100000,
      "seed": 42,
      "scheme": "alamouti_2x1"
    },
    {
      "snr_db": 14.0,
      "ber": 0.000535,
      "ser": 0.75115,
      "bit_errors": 107,
      "total_bits": 200000,
      "symbol_errors": 75115,
      "total_symbols": 100000,
      "seed": 43,
      "scheme": "alamouti_2x1"
    },
    {
      "snr_db": 14.0,
      "ber": 0.000445,
      "ser": 0.75114,
      "bit_errors": 89,
      "total_bits": 200000,
      "symbol_errors": 75114,
      "total_symbols": 100000,
      "seed": 44,
      "scheme": "alamouti_2x1"
    },
    {
      "snr_db": 16.0,
      "ber": 0.000225,
      "ser": 0.75293,