{
  "snr_db": [
    0.0,
    2.0,
    4.0,
    6.0,
    8.0,
    10.0,
    12.0,
    14.0,
    16.0,
    18.0,
    20.0,
    22.0,
    24.0,
    26.0,
    28.0,
    30.0
  ],
  "ber": [
    0.20836666666666667,
    0.1654,
    0.1262,
    0.09153333333333334,
    0.06273333333333334,
    0.043366666666666664,
    0.028466666666666668,
    0.01896666666666667,
    0.01215,
    0.008033333333333332,
    0.005158333333333333,
    0.0032825396825396824,
    0.0020545117845117843,
    0.001241557734204793,
    0.0007966666666666668,
    0.0005149999999999999
  ],
  "ser": [
    0.3592666666666666,
    0.2884666666666667,
    0.2222666666666667,
    0.16313333333333332,
    0.11313333333333335,
    0.07846666666666667,
    0.05106666666666667,
    0.03443333333333334,
    0.022033333333333335,
    0.014511111111111112,
    0.009366666666666667,
    0.005958730158730159,
    0.0037305723905723905,
    0.0022744281045751634,
    0.0014533333333333334,
    0.0009299999999999999
  ],
  "ber_ci95": [
    0.003203332708983638,
    0.0014133760999818893,
    0.0015720780302940847,
    0.0019347934716082184,
    0.00154468781455815,
    0.00028478139764465766,
    0.0015363755327971673,
    0.0012322739594388555,
    0.0010570077262410783,
    0.00037150105926771833,
    5.889067083257814e-05,
    0.0002505168977322341,
    0.00019469379145159552,
    8.497341961796039e-05,
    0.00012655962143502873,
    9.913674058255763e-05
  ],
  "scheme": "mrc_3x1",
  "config": {
    "seed": 42,
    "modulation": "qpsk",
    "scheme": "mrc_3x1",
    "n_tx": 1,
    "n_rx": 1,
    "snr_db": {
      "start": 0,
      "stop": 30,
      "step": 2
    },
    "n_symbols": 100000,
    "max_errors": 200,
    "batch_size": 5000,
    "seeds": [
      42,
      43,
      44
    ],
    "parallel": {
      "enabled": false,
      "workers": 4
    },
    "channel": {
      "type": "rayleigh",
      "correlation_rho": 0.0
    },
    "receiver": {
      "detector": "ml"
    },
    "output": {
      "save_raw_json": true,
      "save_csv": true,
      "save_numpy": true,
      "plot": true
    }
  },
  "runtime_s": 1.2408328000001347,
  "seed_runs": [
    {
      "snr_db": 0.0,
      "ber": 0.2099,
      "ser": 0.364,
      "bit_errors": 2099,
      "total_bits": 10000,
      "symbol_errors": 1820,
      "total_symbols": 5000,
      "seed": 42,
      "scheme": "mrc_3x1"
    },
    {
      "snr_db": 0.0,
      "ber": 0.2051,
      "ser": 0.3518,
      "bit_errors": 2051,
      "total_bits": 10000,
      "symbol_errors": 1759,
      "total_symbols": 5000,
      "seed": 43,
      "scheme": "mrc_3x1"
    },
    {
      "snr_db": 0.0,
      "ber": 0.2101,
      "ser": 0.362,
      "bit_errors": 2101,
      "total_bits": 10000,
      "symbol_errors": 1810,
      "total_symbols": 5000,
      "seed": 44,
      "scheme": "mrc_3x1"
    },
    {
      "snr_db": 2.0,
      "ber": 0.1668,
      "ser": 0.2936,
      "bit_errors": 1668,
      "total_bits": 10000,
      "symbol_errors": 1468,
      "total_symbols": 5000,
      "seed": 42,
      "scheme": "mrc_3x1"
    },
    {
      "snr_db": 2.0,
      "ber": 0.1644,
      "ser": 0.2856,
      "bit_errors": 1644,
      "total_bits": 10000,
      "symbol_errors": 1428,
      "total_symbols": 5000,
      "seed": 43,
      "scheme": "mrc_3x1"
    },
    {
      "snr_db": 2.0,
      "ber": 0.165,
      "ser": 0.2862,
      "bit_errors": 1650,
      "total_bits": 10000,
      "symbol_errors": 1431,
      "total_symbols": 5000,
      "seed": 44,
      "scheme": "mrc_3x1"
    },
    {
      "snr_db": 4.0,
      "ber": 0.1271,
      "ser": 0.2246,
      "bit_errors": 1271,
      "total_bits": 10000,
      "symbol_errors": 1123,
      "total_symbols": 5000,
      "seed": 42,
      "scheme": "mrc_3x1"
    },
    {
      "snr_db": 4.0,
      "ber": 0.1246,
      "ser": 0.2204,
      "bit_errors": 1246,
      "total_bits": 10000,
      "symbol_errors": 1102,
      "total_symbols": 5000,
      "seed": 43,
      "scheme": "mrc_3x1"
    },
    {
      "snr_db": 4.0,
      "ber": 0.1269,
      "ser": 0.2218,
      "bit_errors": 1269,
      "total_bits": 10000,
      "symbol_errors": 1109,
      "total_symbols": 5000,
      "seed": 44,
      "scheme": "mrc_3x1"
    },
    {
      "snr_db": 6.0,
      "ber": 0.0907,
      "ser": 0.1618,
      "bit_errors": 907,
      "total_bits": 10000,
      "symbol_errors": 809,
      "total_symbols": 5000,
      "seed": 42,
      "scheme": "mrc_3x1"
    },
    {
      "snr_db": 6.0,
      "ber": 0.0935,
      "ser": 0.1672,
      "bit_errors": 935,
      "total_bits": 10000,
      "symbol_errors": 836,
      "total_symbols": 5000,
      "seed": 43,
      "scheme": "mrc_3x1"
    },
    {
      "snr_db": 6.0,
      "ber": 0.0904,
      "ser": 0.1604,
      "bit_errors": 904,
      "total_bits": 10000,
      "symbol_errors": 802,
      "total_symbols": 5000,
      "seed": 44,
      "scheme": "mrc_3x1"
    },
    {
      "snr_db": 8.0,
      "ber": 0.0621,
      "ser": 0.1136,
      "bit_errors": 621,
      "total_bits": 10000,
      "symbol_errors": 568,
      "total_symbols": 5000,
      "seed": 42,
      "scheme": "mrc_3x1"
    },
    {
      "snr_db": 8.0,
      "ber": 0.0643,
      "ser": 0.1152,
      "bit_errors": 643,
      "total_bits": 10000,
      "symbol_errors": 576,
      "total_symbols": 5000,
      "seed": 43,
      "scheme": "mrc_3x1"
    },
    {
      "snr_db": 8.0,
      "ber": 0.0618,
      "ser": 0.1106,
      "bit_errors": 618,
      "total_bits": 10000,
      "symbol_errors": 553,
      "total_symbols": 5000,
      "seed": 44,
      "scheme": "mrc_3x1"
    },
    {
      "snr_db": 10.0,
      "ber": 0.0434,
      "ser": 0.0792,
      "bit_errors": 434,
      "total_bits": 10000,
      "symbol_errors": 396,
      "total_symbols": 5000,
      "seed": 42,
      "scheme": "mrc_3x1"
    },
    {
      "snr_db": 10.0,
      "ber": 0.0436,
      "ser": 0.0782,
      "bit_errors": 436,
      "total_bits": 10000,
      "symbol_errors": 391,
      "total_symbols": 5000,
      "seed": 43,
      "scheme": "mrc_3x1"
    },
    {
      "snr_db": 10.0,
      "ber": 0.0431,
      "ser": 0.078,
      "bit_errors": 431,
      "total_bits": 10000,
      "symbol_errors": 390,
      "total_symbols": 5000,
      "seed": 44,
      "scheme": "mrc_3x1"
    },
    {
      "snr_db": 12.0,
      "ber": 0.0299,
      "ser": 0.0544,
      "bit_errors": 299,
      "total_bits": 10000,
      "symbol_errors": 272,
      "total_symbols": 5000,
      "seed": 42,
      "scheme": "mrc_3x1"
    },
    {
      "snr_db": 12.0,
      "ber": 0.0283,
      "ser": 0.0502,
      "bit_errors": 283,
      "total_bits": 10000,
      "symbol_errors": 251,
      "total_symbols": 5000,
      "seed": 43,
      "scheme": "mrc_3x1"
    },
    {
      "snr_db": 12.0,
      "ber": 0.0272,
      "ser": 0.0486,
      "bit_errors": 272,
      "total_bits": 10000,
      "symbol_errors": 243,
      "total_symbols": 5000,
      "seed": 44,
      "scheme": "mrc_3x1"
    },
    {
      "snr_db": 14.0,
      "ber": 0.01985,
      "ser": 0.0358,
      "bit_errors": 397,
      "total_bits": 20000,
      "symbol_errors": 358,
      "total_symbols": 10000,
      "seed": 42,
      "scheme": "mrc_3x1"
    },
    {
      "snr_db": 14.0,
      "ber": 0.0193,
      "ser": 0.0352,
      "bit_errors": 386,
      "total_bits": 20000,
      "symbol_errors": 352,
      "total_symbols": 10000,
      "seed": 43,
      "scheme": "mrc_3x1"
    },
    {
      "snr_db": 14.0,
      "ber": 0.01775,
      "ser": 0.0323,
      "bit_errors": 355,
      "total_bits": 20000,
      "symbol_errors": 323,
      "total_symbols": 10000,
      "seed": 44,
      "scheme": "mrc_3x1"
    },
    {
      "snr_db": 16.0,
      "ber": 0.01315,
      "ser": 0.0238,
      "bit_errors": 263,
      "total_bits": 20000,
      "symbol_errors": 238,
      "total_symbols": 10000,
      "seed": 42,
      "scheme": "mrc_3x1"
    },
    {
      "snr_db": 16.0,
      "ber": 0.012,
      "ser": 0.0216,
      "bit_errors": 240,