{
  "snr_db": [
    0.0,
    2.0,
    4.0,
    6.0,
    8.0,
    10.0,
    12.0,
    14.0,
    16.0,
    18.0,
    20.0,
    22.0,
    24.0,
    26.0,
    28.0,
    30.0
  ],
  "ber": [
    0.10353333333333332,
    0.08020000000000001,
    0.06010000000000001,
    0.044000000000000004,
    0.03166666666666667,
    0.021333333333333333,
    0.014249999999999999,
    0.009544444444444444,
    0.0059833333333333336,
    0.0036333333333333335,
    0.002393055555555556,
    0.0014908424908424908,
    0.0009675438596491228,
    0.000625,
    0.00038833333333333336,
    0.00025
  ],
  "ser": [
    0.8405333333333335,
    0.8212666666666667,
    0.8038666666666666,
    0.7907333333333333,
    0.7790666666666667,
    0.7696,
    0.7624333333333334,
    0.7578222222222223,
    0.7550833333333333,
    0.7540111111111111,
    0.7518166666666667,
    0.7527352625152625,
    0.7521405263157895,
    0.7518633333333332,
    0.7516966666666667,
    0.7515833333333332
  ],
  "ber_ci95": [
    0.0016682403237476843,
    0.0004932558497710275,
    0.001479767549313068,
    0.002935641213318365,
    0.0015363755327971653,
    0.000736269274412863,
    0.0010478823089132361,
    0.0008653755625146411,
    0.00032788937836478426,
    0.00016974097914174995,
    0.00017178782431931006,
    0.0001262610343047091,
    8.35777032328924e-05,
    4.27172096466986e-05,
    3.315304577930125e-05,
    3.960622846640832e-05
  ],
  "scheme": "siso",
  "config": {
    "seed": 42,
    "modulation": "qpsk",
    "scheme": "siso",
    "n_tx": 1,
    "n_rx": 1,
    "snr_db": {
      "start": 0,
      "stop": 30,
      "step": 2
    },
    "n_symbols": 100000,
    "max_errors": 200,
    "batch_size": 5000,
    "seeds": [
      42,
      43,
      44
    ],
    "parallel": {
      "enabled": false,
      "workers": 4
    },
    "channel": {
      "type": "rayleigh",
      "correlation_rho": 0.0
    },
    "receiver": {
      "detector": "ml"
    },
    "output": {
      "save_raw_json": true,
      "save_csv": true,
      "save_numpy": true,
      "plot": true
    }
  },
  "runtime_s": 0.34399630000007164,
  "seed_runs": [
    {
      "snr_db": 0.0,
      "ber": 0.1052,
      "ser": 0.8492,
      "bit_errors": 1052,
      "total_bits": 10000,
      "symbol_errors": 4246,
      "total_symbols": 5000,
      "seed": 42,
      "scheme": "siso"
    },
    {
      "snr_db": 0.0,
      "ber": 0.1024,
      "ser": 0.8398,
      "bit_errors": 1024,
      "total_bits": 10000,
      "symbol_errors": 4199,
      "total_symbols": 5000,
      "seed": 43,
      "scheme": "siso"
    },
    {
      "snr_db": 0.0,
      "ber": 0.103,
      "ser": 0.8326,
      "bit_errors": 1030,
      "total_bits": 10000,
      "symbol_errors": 4163,
      "total_symbols": 5000,
      "seed": 44,
      "scheme": "siso"
    },
    {
      "snr_db": 2.0,
      "ber": 0.0805,
      "ser": 0.8288,
      "bit_errors": 805,
      "total_bits": 10000,
      "symbol_errors": 4144,
      "total_symbols": 5000,
      "seed": 42,
      "scheme": "siso"
    },
    {
      "snr_db": 2.0,
      "ber": 0.0797,
      "ser": 0.8208,
      "bit_errors": 797,
      "total_bits": 10000,
      "symbol_errors": 4104,
      "total_symbols": 5000,
      "seed": 43,
      "scheme": "siso"
    },
    {
      "snr_db": 2.0,
      "ber": 0.0804,
      "ser": 0.8142,
      "bit_errors": 804,
      "total_bits": 10000,
      "symbol_errors": 4071,
      "total_symbols": 5000,
      "seed": 44,
      "scheme": "siso"
    },
    {
      "snr_db": 4.0,
      "ber": 0.0592,
      "ser": 0.8104,
      "bit_errors": 592,
      "total_bits": 10000,
      "symbol_errors": 4052,
      "total_symbols": 5000,
      "seed": 42,
      "scheme": "siso"
    },
    {
      "snr_db": 4.0,
      "ber": 0.0595,
      "ser": 0.8036,
      "bit_errors": 595,
      "total_bits": 10000,
      "symbol_errors": 4018,
      "total_symbols": 5000,
      "seed": 43,
      "scheme": "siso"
    },
    {
      "snr_db": 4.0,
      "ber": 0.0616,
      "ser": 0.7976,
      "bit_errors": 616,
      "total_bits": 10000,
      "symbol_errors": 3988,
      "total_symbols": 5000,
      "seed": 44,
      "scheme": "siso"
    },
    {
      "snr_db": 6.0,
      "ber": 0.0419,
      "ser": 0.7962,
      "bit_errors": 419,
      "total_bits": 10000,
      "symbol_errors": 3981,
      "total_symbols": 5000,
      "seed": 42,
      "scheme": "siso"
    },
    {
      "snr_db": 6.0,
      "ber": 0.0432,
      "ser": 0.7894,
      "bit_errors": 432,
      "total_bits": 10000,
      "symbol_errors": 3947,
      "total_symbols": 5000,
      "seed": 43,
      "scheme": "siso"
    },
    {
      "snr_db": 6.0,
      "ber": 0.0469,
      "ser": 0.7866,
      "bit_errors": 469,
      "total_bits": 10000,
      "symbol_errors": 3933,
      "total_symbols": 5000,
      "seed": 44,
      "scheme": "siso"
    },
    {
      "snr_db": 8.0,
      "ber": 0.0315,
      "ser": 0.7862,
      "bit_errors": 315,
      "total_bits": 10000,
      "symbol_errors": 3931,
      "total_symbols": 5000,
      "seed": 42,
      "scheme": "siso"
    },
    {
      "snr_db": 8.0,
      "ber": 0.0304,
      "ser": 0.7772,
      "bit_errors": 304,
      "total_bits": 10000,
      "symbol_errors": 3886,
      "total_symbols": 5000,
      "seed": 43,
      "scheme": "siso"
    },
    {
      "snr_db": 8.0,
      "ber": 0.0331,
      "ser": 0.7738,
      "bit_errors": 331,
      "total_bits": 10000,
      "symbol_errors": 3869,
      "total_symbols": 5000,
      "seed": 44,
      "scheme": "siso"
    },
    {
      "snr_db": 10.0,
      "ber": 0.0207,
      "ser": 0.7762,
      "bit_errors": 207,
      "total_bits": 10000,
      "symbol_errors": 3881,
      "total_symbols": 5000,
      "seed": 42,
      "scheme": "siso"
    },
    {
      "snr_db": 10.0,
      "ber": 0.0213,
      "ser": 0.7692,
      "bit_errors": 213,
      "total_bits": 10000,
      "symbol_errors": 3846,
      "total_symbols": 5000,
      "seed": 43,
      "scheme": "siso"
    },
    {
      "snr_db": 10.0,
      "ber": 0.022,
      "ser": 0.7634,
      "bit_errors": 220,
      "total_bits": 10000,
      "symbol_errors": 3817,
      "total_symbols": 5000,
      "seed": 44,
      "scheme": "siso"
    },
    {
      "snr_db": 12.0,
      "ber": 0.0133,
      "ser": 0.7627,
      "bit_errors": 266,
      "total_bits": 20000,
      "symbol_errors": 7627,
      "total_symbols": 10000,
      "seed": 42,
      "scheme": "siso"
    },
    {
      "snr_db": 12.0,
      "ber": 0.01515,
      "ser": 0.7646,
      "bit_errors": 303,
      "total_bits": 20000,
      "symbol_errors": 7646,
      "total_symbols": 10000,
      "seed": 43,
      "scheme": "siso"
    },
    {
      "snr_db": 12.0,
      "ber": 0.0143,
      "ser": 0.76,
      "bit_errors": 286,
      "total_bits": 20000,
      "symbol_errors": 7600,
      "total_symbols": 10000,
      "seed": 44,
      "scheme": "siso"
    },
    {
      "snr_db": 14.0,
      "ber": 0.0099,
      "ser": 0.7584,
      "bit_errors": 297,
      "total_bits": 30000,
      "symbol_errors": 11376,
      "total_symbols": 15000,
      "seed": 42,
      "scheme": "siso"
    },
    {
      "snr_db": 14.0,
      "ber": 0.010066666666666666,
      "ser": 0.7597333333333334,
      "bit_errors": 302,
      "total_bits": 30000,
      "symbol_errors": 11396,
      "total_symbols": 15000,
      "seed": 43,
      "scheme": "siso"
    },
    {
      "snr_db": 14.0,
      "ber": 0.008666666666666666,
      "ser": 0.7553333333333333,
      "bit_errors": 260,
      "total_bits": 30000,
      "symbol_errors": 11330,
      "total_symbols": 15000,
      "seed": 44,
      "scheme": "siso"
    },
    {
      "snr_db": 16.0,
      "ber": 0.006175,
      "ser": 0.7562,
      "bit_errors": 247,
      "total_bits": 40000,
      "symbol_errors": 15124,
      "total_symbols": 20000,
      "seed": 42,
      "scheme": "siso"
    },
    {
      "snr_db": 16.0,
      "ber": 0.006125,
      "ser": 0.7557,
      "bit_errors": 245,
      "total_bits": 40000,