{
  "snr_db": [
    0.0,
    2.0,
    4.0,
    6.0,
    8.0,
    10.0,
    12.0,
    14.0,
    16.0,
    18.0,
    20.0,
    22.0,
    24.0,
    26.0,
    28.0,
    30.0
  ],
  "ber": [
    0.3190609577164199,
    0.3075230092036814,
    0.2971855408830199,
    0.29071628651460585,
    0.2871481926103775,
    0.28491396558623444,
    0.28368013872215553,
    0.28371348539415764,
    0.2841469921301854,
    0.2863145258103241,
    0.2863812191543284,
    0.28671468587434973,
    0.2860810991063092,
    0.2859810590903028,
    0.2854141656662665,
    0.2860477524343071
  ],
  "ser": [
    0.9060957716419901,
    0.9020274776577297,
    0.8989595838335335,
    0.8970254768574096,
    0.8964252367613712,
    0.8932239562491664,
    0.8920234760570894,
    0.8936241163131919,
    0.8936241163131919,
    0.8946912098172604,
    0.8945578231292517,
    0.8937575030012006,
    0.8938241963452048,
    0.8937575030012006,
    0.8934907296251834,
    0.8938241963452048
  ],
  "scheme": "scirs_3x1",
  "config": {
    "seed": 42,
    "modulation": "qpsk",
    "scheme": "scirs_3x1",
    "n_tx": 3,
    "n_rx": 1,
    "snr_db": {
      "start": 0,
      "stop": 30,
      "step": 2
    },
    "n_symbols": 100000,
    "max_errors": 200,
    "batch_size": 5000,
    "seeds": [
      42,
      43,
      44
    ],
    "parallel": {
      "enabled": false,
      "workers": 4
    },
    "channel": {
      "type": "correlated",
      "correlation_rho": 0.9
    },
    "receiver": {
      "detector": "ml"
    },
    "output": {
      "save_raw_json": true,
      "save_csv": true,
      "save_numpy": true,
      "plot": true
    },
    "rotation": {
      "theta_deg": 35.0
    }
  },
  "runtime_s": 0.680973599999561,
  "seed_runs": [
    {
      "snr_db": 0.0,
      "ber": 0.312625050020008,
      "ser": 0.9077631052420968,
      "bit_errors": 3125,
      "total_bits": 9996,
      "symbol_errors": 4537,
      "total_symbols": 4998,
      "seed": 42,
      "scheme": "scirs_3x1"
    },
    {
      "snr_db": 0.0,
      "ber": 0.3231292517006803,
      "ser": 0.9087635054021609,
      "bit_errors": 3230,
      "total_bits": 9996,
      "symbol_errors": 4542,
      "total_symbols": 4998,
      "seed": 43,
      "scheme": "scirs_3x1"
    },
    {
      "snr_db": 0.0,
      "ber": 0.32142857142857145,
      "ser": 0.9017607042817127,
      "bit_errors": 3213,
      "total_bits": 9996,
      "symbol_errors": 4507,
      "total_symbols": 4998,
      "seed": 44,
      "scheme": "scirs_3x1"
    },
    {
      "snr_db": 2.0,
      "ber": 0.3007202881152461,
      "ser": 0.9043617446978791,
      "bit_errors": 3006,
      "total_bits": 9996,
      "symbol_errors": 4520,
      "total_symbols": 4998,
      "seed": 42,
      "scheme": "scirs_3x1"
    },
    {
      "snr_db": 2.0,
      "ber": 0.3112244897959184,
      "ser": 0.9049619847939175,
      "bit_errors": 3111,
      "total_bits": 9996,
      "symbol_errors": 4523,
      "total_symbols": 4998,
      "seed": 43,
      "scheme": "scirs_3x1"
    },
    {
      "snr_db": 2.0,
      "ber": 0.31062424969987995,
      "ser": 0.8967587034813925,
      "bit_errors": 3105,
      "total_bits": 9996,
      "symbol_errors": 4482,
      "total_symbols": 4998,
      "seed": 44,
      "scheme": "scirs_3x1"
    },
    {
      "snr_db": 4.0,
      "ber": 0.2929171668667467,
      "ser": 0.9009603841536614,
      "bit_errors": 2928,
      "total_bits": 9996,
      "symbol_errors": 4503,
      "total_symbols": 4998,
      "seed": 42,
      "scheme": "scirs_3x1"
    },
    {
      "snr_db": 4.0,
      "ber": 0.3004201680672269,
      "ser": 0.899359743897559,
      "bit_errors": 3003,
      "total_bits": 9996,
      "symbol_errors": 4495,
      "total_symbols": 4998,
      "seed": 43,
      "scheme": "scirs_3x1"
    },
    {
      "snr_db": 4.0,
      "ber": 0.29821928771508605,
      "ser": 0.8965586234493798,
      "bit_errors": 2981,
      "total_bits": 9996,
      "symbol_errors": 4481,
      "total_symbols": 4998,
      "seed": 44,
      "scheme": "scirs_3x1"
    },
    {
      "snr_db": 6.0,
      "ber": 0.2884153661464586,
      "ser": 0.9001600640256102,
      "bit_errors": 2883,
      "total_bits": 9996,
      "symbol_errors": 4499,
      "total_symbols": 4998,
      "seed": 42,
      "scheme": "scirs_3x1"
    },
    {
      "snr_db": 6.0,
      "ber": 0.2920168067226891,
      "ser": 0.8955582232893158,
      "bit_errors": 2919,
      "total_bits": 9996,
      "symbol_errors": 4476,
      "total_symbols": 4998,
      "seed": 43,
      "scheme": "scirs_3x1"
    },
    {
      "snr_db": 6.0,
      "ber": 0.2917166866746699,
      "ser": 0.8953581432573029,
      "bit_errors": 2916,
      "total_bits": 9996,
      "symbol_errors": 4475,
      "total_symbols": 4998,
      "seed": 44,
      "scheme": "scirs_3x1"
    },
    {
      "snr_db": 8.0,
      "ber": 0.2855142056822729,
      "ser": 0.9003601440576231,
      "bit_errors": 2854,
      "total_bits": 9996,
      "symbol_errors": 4500,
      "total_symbols": 4998,
      "seed": 42,
      "scheme": "scirs_3x1"
    },
    {
      "snr_db": 8.0,
      "ber": 0.28761504601840737,
      "ser": 0.8939575830332133,
      "bit_errors": 2875,
      "total_bits": 9996,
      "symbol_errors": 4468,
      "total_symbols": 4998,
      "seed": 43,
      "scheme": "scirs_3x1"
    },
    {
      "snr_db": 8.0,
      "ber": 0.2883153261304522,
      "ser": 0.8949579831932774,
      "bit_errors": 2882,
      "total_bits": 9996,
      "symbol_errors": 4473,
      "total_symbols": 4998,
      "seed": 44,
      "scheme": "scirs_3x1"
    },
    {
      "snr_db": 10.0,
      "ber": 0.2822128851540616,
      "ser": 0.8947579031612645,
      "bit_errors": 2821,
      "total_bits": 9996,
      "symbol_errors": 4472,
      "total_symbols": 4998,
      "seed": 42,
      "scheme": "scirs_3x1"
    },
    {
      "snr_db": 10.0,
      "ber": 0.2861144457783113,
      "ser": 0.8897559023609444,
      "bit_errors": 2860,
      "total_bits": 9996,
      "symbol_errors": 4447,
      "total_symbols": 4998,
      "seed": 43,
      "scheme": "scirs_3x1"
    },
    {
      "snr_db": 10.0,
      "ber": 0.2864145658263305,
      "ser": 0.8951580632252901,
      "bit_errors": 2863,
      "total_bits": 9996,
      "symbol_errors": 4474,
      "total_symbols": 4998,
      "seed": 44,
      "scheme": "scirs_3x1"
    },
    {
      "snr_db": 12.0,
      "ber": 0.28251300520208084,
      "ser": 0.8931572629051621,
      "bit_errors": 2824,
      "total_bits": 9996,
      "symbol_errors": 4464,
      "total_symbols": 4998,
      "seed": 42,
      "scheme": "scirs_3x1"
    },
    {
      "snr_db": 12.0,
      "ber": 0.2838135254101641,
      "ser": 0.8891556622649059,
      "bit_errors": 2837,
      "total_bits": 9996,
      "symbol_errors": 4444,
      "total_symbols": 4998,
      "seed": 43,
      "scheme": "scirs_3x1"
    },
    {
      "snr_db": 12.0,
      "ber": 0.28471388555422167,
      "ser": 0.8937575030012005,
      "bit_errors": 2846,
      "total_bits": 9996,
      "symbol_errors": 4467,
      "total_symbols": 4998,
      "seed": 44,
      "scheme": "scirs_3x1"
    },
    {
      "snr_db": 14.0,
      "ber": 0.2816126450580232,
      "ser": 0.8933573429371748,
      "bit_errors": 2815,
      "total_bits": 9996,
      "symbol_errors": 4465,
      "total_symbols": 4998,
      "seed": 42,
      "scheme": "scirs_3x1"
    },
    {
      "snr_db": 14.0,
      "ber": 0.2849139655862345,
      "ser": 0.8923569427771109,
      "bit_errors": 2848,
      "total_bits": 9996,
      "symbol_errors": 4460,
      "total_symbols": 4998,
      "seed": 43,
      "scheme": "scirs_3x1"
    },
    {
      "snr_db": 14.0,
      "ber": 0.2846138455382153,
      "ser": 0.8951580632252901,
      "bit_errors": 2845,
      "total_bits": 9996,
      "symbol_errors": 4474,
      "total_symbols": 4998,
      "seed": 44,
      "scheme": "scirs_3x1"
    },
    {
      "snr_db": 16.0,
      "ber": 0.2842136854741897,
      "ser": 0.8945578231292517,