{
  "snr_db": 10,
  "theta_deg": [
    0,
    3,
    6,
    9,
    12,
    15,
    18,
    21,
    24,
    27,
    30,
    33,
    36,
    39,
    42,
    45
  ],
  "ber": [
    0.3586333333333333,
    0.35756666666666664,
    0.3565333333333333,
    0.35486666666666666,
    0.35503333333333337,
    0.3560666666666667,
    0.35600000000000004,
    0.3566666666666667,
    0.35696666666666665,
    0.3576,
    0.3544,
    0.35420000000000007,
    0.3562,
    0.35813333333333325,
    0.35736666666666667,
    0.35589999999999994
  ],
  "best_theta_deg": 33.0,
  "best_ber": 0.35420000000000007
}