{
  "modulations": [
    "qpsk",
    "16qam"
  ],
  "ml_runtime_s": [
    0.007186599999840837,
    0.12637540000105218
  ],
  "sphere_runtime_s": [
    0.009712600000057137,
    0.1653824999993958
  ]
}