{
  "snr_db": [
    0.0,
    2.0,
    4.0,
    6.0,
    8.0,
    10.0,
    12.0,
    14.0,
    16.0,
    18.0,
    20.0,
    22.0,
    24.0,
    26.0,
    28.0,
    30.0
  ],
  "ber": [
    0.3192610377484327,
    0.30038682139522477,
    0.2845138055222089,
    0.2730758970254769,
    0.2647392290249433,
    0.2586701347205549,
    0.25393490729625184,
    0.25206749366413234,
    0.2491329865279445,
    0.246765372815793,
    0.24573162598372686,
    0.24433106575963723,
    0.24369747899159666,
    0.2418967587034814,
    0.23952914499132985,
    0.23812858476724022
  ],
  "ser": [
    0.8887555022008803,
    0.9024943310657596,
    0.9118313992263571,
    0.9193677470988395,
    0.9248366013071895,
    0.9287715086034414,
    0.9312391623315993,
    0.9332399626517273,
    0.9333066559957316,
    0.9326397225556889,
    0.9325063358676804,
    0.9324396425236762,
    0.9317060157396292,
    0.9305055355475523,
    0.9299719887955181,
    0.92843804188342
  ],
  "ber_ci95": [
    0.004041203478983169,
    0.003500852742703793,
    0.002549019607843123,
    0.0017982766656467442,
    0.0018613112243004058,
    0.0025042149098912464,
    0.002267889094496413,
    0.001830065359477115,
    0.0014063682870163305,
    0.002038754766076107,
    0.0024420315937606967,
    0.0038328750095152253,
    0.0037117048011766486,
    0.004907186756783262,
    0.00385787047408463,
    0.004920661496658484
  ],
  "scheme": "scirs_3x1",
  "config": {
    "seed": 42,
    "modulation": "qpsk",
    "scheme": "scirs_3x1",
    "n_tx": 3,
    "n_rx": 1,
    "snr_db": {
      "start": 0,
      "stop": 30,
      "step": 2
    },
    "n_symbols": 100000,
    "max_errors": 200,
    "batch_size": 5000,
    "seeds": [
      42,
      43,
      44
    ],
    "parallel": {
      "enabled": false,
      "workers": 4
    },
    "channel": {
      "type": "correlated",
      "correlation_rho": 0.9
    },
    "receiver": {
      "detector": "ml"
    },
    "output": {
      "save_raw_json": true,
      "save_csv": true,
      "save_numpy": true,
      "plot": true
    },
    "rotation": {
      "theta_deg": 35.0
    }
  },
  "runtime_s": 1.3934332999997423,
  "seed_runs": [
    {
      "snr_db": 0.0,
      "ber": 0.31882753101240496,
      "ser": 0.8923569427771109,
      "bit_errors": 3187,
      "total_bits": 9996,
      "symbol_errors": 4460,
      "total_symbols": 4998,
      "seed": 42,
      "scheme": "scirs_3x1"
    },
    {
      "snr_db": 0.0,
      "ber": 0.32302921168467386,
      "ser": 0.8883553421368547,
      "bit_errors": 3229,
      "total_bits": 9996,
      "symbol_errors": 4440,
      "total_symbols": 4998,
      "seed": 43,
      "scheme": "scirs_3x1"
    },
    {
      "snr_db": 0.0,
      "ber": 0.3159263705482193,
      "ser": 0.8855542216886755,
      "bit_errors": 3158,
      "total_bits": 9996,
      "symbol_errors": 4426,
      "total_symbols": 4998,
      "seed": 44,
      "scheme": "scirs_3x1"
    },
    {
      "snr_db": 2.0,
      "ber": 0.2995198079231693,
      "ser": 0.9073629451780713,
      "bit_errors": 2994,
      "total_bits": 9996,
      "symbol_errors": 4535,
      "total_symbols": 4998,
      "seed": 42,
      "scheme": "scirs_3x1"
    },
    {
      "snr_db": 2.0,
      "ber": 0.30382152861144457,
      "ser": 0.9015606242496998,
      "bit_errors": 3037,
      "total_bits": 9996,
      "symbol_errors": 4506,
      "total_symbols": 4998,
      "seed": 43,
      "scheme": "scirs_3x1"
    },
    {
      "snr_db": 2.0,
      "ber": 0.29781912765106044,
      "ser": 0.8985594237695078,
      "bit_errors": 2977,
      "total_bits": 9996,
      "symbol_errors": 4491,
      "total_symbols": 4998,
      "seed": 44,
      "scheme": "scirs_3x1"
    },
    {
      "snr_db": 4.0,
      "ber": 0.28321328531412565,
      "ser": 0.915766306522609,
      "bit_errors": 2831,
      "total_bits": 9996,
      "symbol_errors": 4577,
      "total_symbols": 4998,
      "seed": 42,
      "scheme": "scirs_3x1"
    },
    {
      "snr_db": 4.0,
      "ber": 0.28711484593837533,
      "ser": 0.9117647058823529,
      "bit_errors": 2870,
      "total_bits": 9996,
      "symbol_errors": 4557,
      "total_symbols": 4998,
      "seed": 43,
      "scheme": "scirs_3x1"
    },
    {
      "snr_db": 4.0,
      "ber": 0.28321328531412565,
      "ser": 0.9079631852741097,
      "bit_errors": 2831,
      "total_bits": 9996,
      "symbol_errors": 4538,
      "total_symbols": 4998,
      "seed": 44,
      "scheme": "scirs_3x1"
    },
    {
      "snr_db": 6.0,
      "ber": 0.272108843537415,
      "ser": 0.9221688675470188,
      "bit_errors": 2720,
      "total_bits": 9996,
      "symbol_errors": 4609,
      "total_symbols": 4998,
      "seed": 42,
      "scheme": "scirs_3x1"
    },
    {
      "snr_db": 6.0,
      "ber": 0.2722088835534214,
      "ser": 0.9205682272909164,
      "bit_errors": 2721,
      "total_bits": 9996,
      "symbol_errors": 4601,
      "total_symbols": 4998,
      "seed": 43,
      "scheme": "scirs_3x1"
    },
    {
      "snr_db": 6.0,
      "ber": 0.27490996398559425,
      "ser": 0.9153661464585834,
      "bit_errors": 2748,
      "total_bits": 9996,
      "symbol_errors": 4575,
      "total_symbols": 4998,
      "seed": 44,
      "scheme": "scirs_3x1"
    },
    {
      "snr_db": 8.0,
      "ber": 0.2635054021608643,
      "ser": 0.9261704681872749,
      "bit_errors": 2634,
      "total_bits": 9996,
      "symbol_errors": 4629,
      "total_symbols": 4998,
      "seed": 42,
      "scheme": "scirs_3x1"
    },
    {
      "snr_db": 8.0,
      "ber": 0.2666066426570628,
      "ser": 0.9245698279311725,
      "bit_errors": 2665,
      "total_bits": 9996,
      "symbol_errors": 4621,
      "total_symbols": 4998,
      "seed": 43,
      "scheme": "scirs_3x1"
    },
    {
      "snr_db": 8.0,
      "ber": 0.26410564225690275,
      "ser": 0.9237695078031213,
      "bit_errors": 2640,
      "total_bits": 9996,
      "symbol_errors": 4617,
      "total_symbols": 4998,
      "seed": 44,
      "scheme": "scirs_3x1"
    },
    {
      "snr_db": 10.0,
      "ber": 0.25660264105642255,
      "ser": 0.9293717486994798,
      "bit_errors": 2565,
      "total_bits": 9996,
      "symbol_errors": 4645,
      "total_symbols": 4998,
      "seed": 42,
      "scheme": "scirs_3x1"
    },
    {
      "snr_db": 10.0,
      "ber": 0.2610044017607043,
      "ser": 0.928171268507403,
      "bit_errors": 2609,
      "total_bits": 9996,
      "symbol_errors": 4639,
      "total_symbols": 4998,
      "seed": 43,
      "scheme": "scirs_3x1"
    },
    {
      "snr_db": 10.0,
      "ber": 0.25840336134453784,
      "ser": 0.9287715086034414,
      "bit_errors": 2583,
      "total_bits": 9996,
      "symbol_errors": 4642,
      "total_symbols": 4998,
      "seed": 44,
      "scheme": "scirs_3x1"
    },
    {
      "snr_db": 12.0,
      "ber": 0.25200080032012806,
      "ser": 0.9303721488595438,
      "bit_errors": 2519,
      "total_bits": 9996,
      "symbol_errors": 4650,
      "total_symbols": 4998,
      "seed": 42,
      "scheme": "scirs_3x1"
    },
    {
      "snr_db": 12.0,
      "ber": 0.2560024009603842,
      "ser": 0.9317727090836334,
      "bit_errors": 2559,
      "total_bits": 9996,
      "symbol_errors": 4657,
      "total_symbols": 4998,
      "seed": 43,
      "scheme": "scirs_3x1"
    },
    {
      "snr_db": 12.0,
      "ber": 0.2538015206082433,
      "ser": 0.9315726290516206,
      "bit_errors": 2537,
      "total_bits": 9996,
      "symbol_errors": 4656,
      "total_symbols": 4998,
      "seed": 44,
      "scheme": "scirs_3x1"
    },
    {
      "snr_db": 14.0,
      "ber": 0.25180072028811523,
      "ser": 0.9341736694677871,
      "bit_errors": 2517,
      "total_bits": 9996,
      "symbol_errors": 4669,
      "total_symbols": 4998,
      "seed": 42,
      "scheme": "scirs_3x1"
    },
    {
      "snr_db": 14.0,
      "ber": 0.2538015206082433,
      "ser": 0.9323729491796718,
      "bit_errors": 2537,
      "total_bits": 9996,