{
  "snr_db": [
    0.0,
    2.0,
    4.0,
    6.0,
    8.0,
    10.0,
    12.0,
    14.0,
    16.0,
    18.0,
    20.0,
    22.0,
    24.0,
    26.0,
    28.0,
    30.0
  ],
  "ber": [
    0.3420034680538882,
    0.32779778578097907,
    0.3011204481792717,
    0.27414299052954516,
    0.23596105108710153,
    0.2023142590369481,
    0.16603307989862612,
    0.1321862078164599,
    0.10180738962251568,
    0.07603041216486595,
    0.05675603574763238,
    0.040449513138588765,
    0.028011204481792718,
    0.019491129785247432,
    0.011321195144724556,
    0.007700302343159486
  ],
  "ser": [
    0.5560891023075897,
    0.531545951714019,
    0.4929305055355475,
    0.44757903161264506,
    0.38555422168867554,
    0.3317326930772309,
    0.27310924369747897,
    0.2151527277577698,
    0.1676003734827264,
    0.1259170334800587,
    0.09317060157396291,
    0.06615979725223424,
    0.045951714018940916,
    0.03197945845004668,
    0.01850740296118447,
    0.01273842870481526
  ],
  "ber_ci95": [
    0.00430529975303909,
    0.003500852742703793,
    0.0027240086253823145,
    0.0022193368426601033,
    0.002460330748329242,
    0.005094686345073216,
    0.004991769893628768,
    0.008916958755386064,
    0.007340366880856605,
    0.0077873835339118775,
    0.007039127690142484,
    0.005248329385590778,
    0.0014139416766525445,
    0.0032517571494394123,
    0.001898802489716857,
    0.0010472965394896113
  ],
  "scheme": "scirs_3x1",
  "config": {
    "seed": 42,
    "modulation": "qpsk",
    "scheme": "scirs_3x1",
    "n_tx": 3,
    "n_rx": 1,
    "snr_db": {
      "start": 0,
      "stop": 30,
      "step": 2
    },
    "n_symbols": 100000,
    "max_errors": 200,
    "batch_size": 5000,
    "seeds": [
      42,
      43,
      44
    ],
    "parallel": {
      "enabled": false,
      "workers": 4
    },
    "channel": {
      "type": "correlated",
      "correlation_rho": 0.9
    },
    "receiver": {
      "detector": "ml"
    },
    "output": {
      "save_raw_json": true,
      "save_csv": true,
      "save_numpy": true,
      "plot": true
    },
    "rotation": {
      "theta_deg": 35.0
    }
  },
  "runtime_s": 0.7061443999991752,
  "seed_runs": [
    {
      "snr_db": 0.0,
      "ber": 0.33773509403761504,
      "ser": 0.5488195278111244,
      "bit_errors": 3376,
      "total_bits": 9996,
      "symbol_errors": 2743,
      "total_symbols": 4998,
      "seed": 42,
      "scheme": "scirs_3x1"
    },
    {
      "snr_db": 0.0,
      "ber": 0.34503801520608246,
      "ser": 0.5628251300520208,
      "bit_errors": 3449,
      "total_bits": 9996,
      "symbol_errors": 2813,
      "total_symbols": 4998,
      "seed": 43,
      "scheme": "scirs_3x1"
    },
    {
      "snr_db": 0.0,
      "ber": 0.3432372949179672,
      "ser": 0.5566226490596239,
      "bit_errors": 3431,
      "total_bits": 9996,
      "symbol_errors": 2782,
      "total_symbols": 4998,
      "seed": 44,
      "scheme": "scirs_3x1"
    },
    {
      "snr_db": 2.0,
      "ber": 0.3269307723089236,
      "ser": 0.5294117647058824,
      "bit_errors": 3268,
      "total_bits": 9996,
      "symbol_errors": 2646,
      "total_symbols": 4998,
      "seed": 42,
      "scheme": "scirs_3x1"
    },
    {
      "snr_db": 2.0,
      "ber": 0.33123249299719887,
      "ser": 0.5350140056022409,
      "bit_errors": 3311,
      "total_bits": 9996,
      "symbol_errors": 2674,
      "total_symbols": 4998,
      "seed": 43,
      "scheme": "scirs_3x1"
    },
    {
      "snr_db": 2.0,
      "ber": 0.32523009203681474,
      "ser": 0.5302120848339336,
      "bit_errors": 3251,
      "total_bits": 9996,
      "symbol_errors": 2650,
      "total_symbols": 4998,
      "seed": 44,
      "scheme": "scirs_3x1"
    },
    {
      "snr_db": 4.0,
      "ber": 0.29861944777911165,
      "ser": 0.48739495798319327,
      "bit_errors": 2985,
      "total_bits": 9996,
      "symbol_errors": 2436,
      "total_symbols": 4998,
      "seed": 42,
      "scheme": "scirs_3x1"
    },
    {
      "snr_db": 4.0,
      "ber": 0.3013205282112845,
      "ser": 0.49419767907162865,
      "bit_errors": 3012,
      "total_bits": 9996,
      "symbol_errors": 2470,
      "total_symbols": 4998,
      "seed": 43,
      "scheme": "scirs_3x1"
    },
    {
      "snr_db": 4.0,
      "ber": 0.30342136854741897,
      "ser": 0.49719887955182074,
      "bit_errors": 3033,
      "total_bits": 9996,
      "symbol_errors": 2485,
      "total_symbols": 4998,
      "seed": 44,
      "scheme": "scirs_3x1"
    },
    {
      "snr_db": 6.0,
      "ber": 0.2762104841936775,
      "ser": 0.4459783913565426,
      "bit_errors": 2761,
      "total_bits": 9996,
      "symbol_errors": 2229,
      "total_symbols": 4998,
      "seed": 42,
      "scheme": "scirs_3x1"
    },
    {
      "snr_db": 6.0,
      "ber": 0.27230892356942776,
      "ser": 0.44657863145258103,
      "bit_errors": 2722,
      "total_bits": 9996,
      "symbol_errors": 2232,
      "total_symbols": 4998,
      "seed": 43,
      "scheme": "scirs_3x1"
    },
    {
      "snr_db": 6.0,
      "ber": 0.2739095638255302,
      "ser": 0.45018007202881155,
      "bit_errors": 2738,
      "total_bits": 9996,
      "symbol_errors": 2250,
      "total_symbols": 4998,
      "seed": 44,
      "scheme": "scirs_3x1"
    },
    {
      "snr_db": 8.0,
      "ber": 0.2375950380152061,
      "ser": 0.3861544617847139,
      "bit_errors": 2375,
      "total_bits": 9996,
      "symbol_errors": 1930,
      "total_symbols": 4998,
      "seed": 42,
      "scheme": "scirs_3x1"
    },
    {
      "snr_db": 8.0,
      "ber": 0.2334933973589436,
      "ser": 0.3843537414965986,
      "bit_errors": 2334,
      "total_bits": 9996,
      "symbol_errors": 1921,
      "total_symbols": 4998,
      "seed": 43,
      "scheme": "scirs_3x1"
    },
    {
      "snr_db": 8.0,
      "ber": 0.23679471788715487,
      "ser": 0.3861544617847139,
      "bit_errors": 2367,
      "total_bits": 9996,
      "symbol_errors": 1930,
      "total_symbols": 4998,
      "seed": 44,
      "scheme": "scirs_3x1"
    },
    {
      "snr_db": 10.0,
      "ber": 0.20418167266906762,
      "ser": 0.3303321328531413,
      "bit_errors": 2041,
      "total_bits": 9996,
      "symbol_errors": 1651,
      "total_symbols": 4998,
      "seed": 42,
      "scheme": "scirs_3x1"
    },
    {
      "snr_db": 10.0,
      "ber": 0.20558223289315727,
      "ser": 0.33813525410164064,
      "bit_errors": 2055,
      "total_bits": 9996,
      "symbol_errors": 1690,
      "total_symbols": 4998,
      "seed": 43,
      "scheme": "scirs_3x1"
    },
    {
      "snr_db": 10.0,
      "ber": 0.19717887154861946,
      "ser": 0.32673069227691076,
      "bit_errors": 1971,
      "total_bits": 9996,
      "symbol_errors": 1633,
      "total_symbols": 4998,
      "seed": 44,
      "scheme": "scirs_3x1"
    },
    {
      "snr_db": 12.0,
      "ber": 0.16686674669867949,
      "ser": 0.27130852340936373,
      "bit_errors": 1668,
      "total_bits": 9996,
      "symbol_errors": 1356,
      "total_symbols": 4998,
      "seed": 42,
      "scheme": "scirs_3x1"
    },
    {
      "snr_db": 12.0,
      "ber": 0.16996798719487796,
      "ser": 0.28391356542617047,
      "bit_errors": 1699,
      "total_bits": 9996,
      "symbol_errors": 1419,
      "total_symbols": 4998,
      "seed": 43,
      "scheme": "scirs_3x1"
    },
    {
      "snr_db": 12.0,
      "ber": 0.16126450580232093,
      "ser": 0.26410564225690275,
      "bit_errors": 1612,
      "total_bits": 9996,
      "symbol_errors": 1320,
      "total_symbols": 4998,
      "seed": 44,
      "scheme": "scirs_3x1"
    },
    {
      "snr_db": 14.0,
      "ber": 0.133453381352541,
      "ser": 0.21688675470188076,
      "bit_errors": 1334,
      "total_bits": 9996,
      "symbol_errors": 1084,
      "total_symbols": 4998,
      "seed": 42,
      "scheme": "scirs_3x1"
    },
    {
      "snr_db": 14.0,
      "ber": 0.13935574229691877,
      "ser": 0.22869147659063627,
      "bit_errors": 1393,