{
  "snr_db": [
    0.0,
    2.0,
    4.0,
    6.0,
    8.0,
    10.0,
    12.0,
    14.0,
    16.0,
    18.0,
    20.0,
    22.0,
    24.0,
    26.0,
    28.0,
    30.0
  ],
  "ber": [
    0.37756666666666666,
    0.3699666666666666,
    0.3635,
    0.3586666666666667,
    0.3567,
    0.3536333333333333,
    0.3567,
    0.3569333333333334,
    0.359,
    0.35939999999999994,
    0.36100000000000004,
    0.36179999999999995,
    0.3617666666666666,
    0.36166666666666664,
    0.3608,
    0.3607333333333333
  ],
  "ser": [
    0.9321333333333334,
    0.9327333333333333,
    0.9326,
    0.9301333333333334,
    0.9313333333333333,
    0.9308,
    0.9326666666666666,
    0.9321999999999999,
    0.9308000000000001,
    0.9312,
    0.9310666666666666,
    0.9313333333333333,
    0.9316,
    0.9314,
    0.9308666666666667,
    0.9302666666666667
  ],
  "scheme": "scirs_2x1",
  "config": {
    "seed": 42,
    "modulation": "qpsk",
    "scheme": "scirs_2x1",
    "n_tx": 2,
    "n_rx": 1,
    "snr_db": {
      "start": 0,
      "stop": 30,
      "step": 2
    },
    "n_symbols": 100000,
    "max_errors": 200,
    "batch_size": 5000,
    "seeds": [
      42,
      43,
      44
    ],
    "parallel": {
      "enabled": false,
      "workers": 4
    },
    "channel": {
      "type": "rayleigh",
      "correlation_rho": 0.0
    },
    "receiver": {
      "detector": "ml"
    },
    "output": {
      "save_raw_json": true,
      "save_csv": true,
      "save_numpy": true,
      "plot": true
    },
    "rotation": {
      "theta_deg": 31.7175
    }
  },
  "runtime_s": 0.1612197999984346,
  "seed_runs": [
    {
      "snr_db": 0.0,
      "ber": 0.3784,
      "ser": 0.9352,
      "bit_errors": 3784,
      "total_bits": 10000,
      "symbol_errors": 4676,
      "total_symbols": 5000,
      "seed": 42,
      "scheme": "scirs_2x1"
    },
    {
      "snr_db": 0.0,
      "ber": 0.3778,
      "ser": 0.9302,
      "bit_errors": 3778,
      "total_bits": 10000,
      "symbol_errors": 4651,
      "total_symbols": 5000,
      "seed": 43,
      "scheme": "scirs_2x1"
    },
    {
      "snr_db": 0.0,
      "ber": 0.3765,
      "ser": 0.931,
      "bit_errors": 3765,
      "total_bits": 10000,
      "symbol_errors": 4655,
      "total_symbols": 5000,
      "seed": 44,
      "scheme": "scirs_2x1"
    },
    {
      "snr_db": 2.0,
      "ber": 0.3721,
      "ser": 0.9372,
      "bit_errors": 3721,
      "total_bits": 10000,
      "symbol_errors": 4686,
      "total_symbols": 5000,
      "seed": 42,
      "scheme": "scirs_2x1"
    },
    {
      "snr_db": 2.0,
      "ber": 0.3707,
      "ser": 0.9312,
      "bit_errors": 3707,
      "total_bits": 10000,
      "symbol_errors": 4656,
      "total_symbols": 5000,
      "seed": 43,
      "scheme": "scirs_2x1"
    },
    {
      "snr_db": 2.0,
      "ber": 0.3671,
      "ser": 0.9298,
      "bit_errors": 3671,
      "total_bits": 10000,
      "symbol_errors": 4649,
      "total_symbols": 5000,
      "seed": 44,
      "scheme": "scirs_2x1"
    },
    {
      "snr_db": 4.0,
      "ber": 0.363,
      "ser": 0.9362,
      "bit_errors": 3630,
      "total_bits": 10000,
      "symbol_errors": 4681,
      "total_symbols": 5000,
      "seed": 42,
      "scheme": "scirs_2x1"
    },
    {
      "snr_db": 4.0,
      "ber": 0.3655,
      "ser": 0.9306,
      "bit_errors": 3655,
      "total_bits": 10000,
      "symbol_errors": 4653,
      "total_symbols": 5000,
      "seed": 43,
      "scheme": "scirs_2x1"
    },
    {
      "snr_db": 4.0,
      "ber": 0.362,
      "ser": 0.931,
      "bit_errors": 3620,
      "total_bits": 10000,
      "symbol_errors": 4655,
      "total_symbols": 5000,
      "seed": 44,
      "scheme": "scirs_2x1"
    },
    {
      "snr_db": 6.0,
      "ber": 0.3584,
      "ser": 0.934,
      "bit_errors": 3584,
      "total_bits": 10000,
      "symbol_errors": 4670,
      "total_symbols": 5000,
      "seed": 42,
      "scheme": "scirs_2x1"
    },
    {
      "snr_db": 6.0,
      "ber": 0.3592,
      "ser": 0.9274,
      "bit_errors": 3592,
      "total_bits": 10000,
      "symbol_errors": 4637,
      "total_symbols": 5000,
      "seed": 43,
      "scheme": "scirs_2x1"
    },
    {
      "snr_db": 6.0,
      "ber": 0.3584,
      "ser": 0.929,
      "bit_errors": 3584,
      "total_bits": 10000,
      "symbol_errors": 4645,
      "total_symbols": 5000,
      "seed": 44,
      "scheme": "scirs_2x1"
    },
    {
      "snr_db": 8.0,
      "ber": 0.3583,
      "ser": 0.9352,
      "bit_errors": 3583,
      "total_bits": 10000,
      "symbol_errors": 4676,
      "total_symbols": 5000,
      "seed": 42,
      "scheme": "scirs_2x1"
    },
    {
      "snr_db": 8.0,
      "ber": 0.3572,
      "ser": 0.9286,
      "bit_errors": 3572,
      "total_bits": 10000,
      "symbol_errors": 4643,
      "total_symbols": 5000,
      "seed": 43,
      "scheme": "scirs_2x1"
    },
    {
      "snr_db": 8.0,
      "ber": 0.3546,
      "ser": 0.9302,
      "bit_errors": 3546,
      "total_bits": 10000,
      "symbol_errors": 4651,
      "total_symbols": 5000,
      "seed": 44,
      "scheme": "scirs_2x1"
    },
    {
      "snr_db": 10.0,
      "ber": 0.3525,
      "ser": 0.9336,
      "bit_errors": 3525,
      "total_bits": 10000,
      "symbol_errors": 4668,
      "total_symbols": 5000,
      "seed": 42,
      "scheme": "scirs_2x1"
    },
    {
      "snr_db": 10.0,
      "ber": 0.3523,
      "ser": 0.9264,
      "bit_errors": 3523,
      "total_bits": 10000,
      "symbol_errors": 4632,
      "total_symbols": 5000,
      "seed": 43,
      "scheme": "scirs_2x1"
    },
    {
      "snr_db": 10.0,
      "ber": 0.3561,
      "ser": 0.9324,
      "bit_errors": 3561,
      "total_bits": 10000,
      "symbol_errors": 4662,
      "total_symbols": 5000,
      "seed": 44,
      "scheme": "scirs_2x1"
    },
    {
      "snr_db": 12.0,
      "ber": 0.3552,
      "ser": 0.934,
      "bit_errors": 3552,
      "total_bits": 10000,
      "symbol_errors": 4670,
      "total_symbols": 5000,
      "seed": 42,
      "scheme": "scirs_2x1"
    },
    {
      "snr_db": 12.0,
      "ber": 0.3554,
      "ser": 0.9294,
      "bit_errors": 3554,
      "total_bits": 10000,
      "symbol_errors": 4647,
      "total_symbols": 5000,
      "seed": 43,
      "scheme": "scirs_2x1"
    },
    {
      "snr_db": 12.0,
      "ber": 0.3595,
      "ser": 0.9346,
      "bit_errors": 3595,
      "total_bits": 10000,
      "symbol_errors": 4673,
      "total_symbols": 5000,
      "seed": 44,
      "scheme": "scirs_2x1"
    },
    {
      "snr_db": 14.0,
      "ber": 0.3536,
      "ser": 0.9358,
      "bit_errors": 3536,
      "total_bits": 10000,
      "symbol_errors": 4679,
      "total_symbols": 5000,
      "seed": 42,
      "scheme": "scirs_2x1"
    },
    {
      "snr_db": 14.0,
      "ber": 0.3555,
      "ser": 0.9278,
      "bit_errors": 3555,
      "total_bits": 10000,
      "symbol_errors": 4639,
      "total_symbols": 5000,
      "seed": 43,
      "scheme": "scirs_2x1"
    },
    {
      "snr_db": 14.0,
      "ber": 0.3617,
      "ser": 0.933,
      "bit_errors": 3617,
      "total_bits": 10000,
      "symbol_errors": 4665,
      "total_symbols": 5000,
      "seed": 44,
      "scheme": "scirs_2x1"
    },
    {
      "snr_db": 16.0,
      "ber": 0.3562,
      "ser": 0.935,
      "bit_errors": 3562,
      "total_bits": 10000,
      "symbol_errors": 4675,
      "total_symbols": 5000,
      "seed": 42,
      "scheme": "scirs_2x1"
    },
    {
      "snr_db": 16.0,
      "ber": 0.3572,
      "ser": 0.9268,
      "bit_errors": 3572,
      "total_bits": 10000,
      "symbol_errors": 4634,
      "total_symbols": 5000,
      "seed": 43,
      "scheme": "scirs_2x1"
    },
    {
      "snr_db": 16.0,
      "ber": 0.3636,
      "ser": 0.9306,
      "bit_errors": 3636,
      "total_bits": 10000,
      "symbol_errors": 4653,
      "total_symbols": 5000,
      "seed": 44,
      "scheme": "scirs_2x1"
    },
    {
      "snr_db": 18.0,
      "ber": 0.3579,
      "ser": 0.936,