{
  "snr_db": [
    0.0,
    2.0,
    4.0,
    6.0,
    8.0,
    10.0,
    12.0,
    14.0,
    16.0,
    18.0,
    20.0,
    22.0,
    24.0,
    26.0,
    28.0,
    30.0
  ],
  "ber": [
    0.3195278111244498,
    0.3005869014272376,
    0.2863145258103241,
    0.2740429505135387,
    0.2680405495531546,
    0.2632719754568494,
    0.25847005468854206,
    0.2559357076163799,
    0.2537014805922369,
    0.25236761371215155,
    0.2510337468320662,
    0.248999599839936,
    0.24746565292783781,
    0.2458316659997332,
    0.24389755902360943,
    0.2419301053754835
  ],
  "ser": [
    0.8927571028411365,
    0.9031612645058024,
    0.9146992130185407,
    0.9207683073229291,
    0.9240362811791383,
    0.9263705482192878,
    0.9289715886354543,
    0.929905295451514,
    0.9309056956115779,
    0.9325063358676804,
    0.9321728691476591,
    0.9328398025877017,
    0.9326397225556889,
    0.9310390822995865,
    0.9303721488595439,
    0.9289715886354543
  ],
  "ber_ci95": [
    0.002096603259130115,
    0.003080227887045267,
    0.0036700379454552637,
    0.004535778188992793,
    0.004077509532152214,
    0.0034806606420115928,
    0.0032542194207854976,
    0.0033892528529318087,
    0.004301825535138388,
    0.004520211539131171,
    0.005530122484029431,
    0.005954890447002915,
    0.0051034829323634,
    0.00453577818899281,
    0.004948795868283907,
    0.005413011759952477
  ],
  "scheme": "scirs_3x1",
  "config": {
    "seed": 42,
    "modulation": "qpsk",
    "scheme": "scirs_3x1",
    "n_tx": 3,
    "n_rx": 1,
    "snr_db": {
      "start": 0,
      "stop": 30,
      "step": 2
    },
    "n_symbols": 100000,
    "max_errors": 200,
    "batch_size": 5000,
    "seeds": [
      42,
      43,
      44
    ],
    "parallel": {
      "enabled": false,
      "workers": 4
    },
    "channel": {
      "type": "correlated",
      "correlation_rho": 0.0
    },
    "receiver": {
      "detector": "ml"
    },
    "output": {
      "save_raw_json": true,
      "save_csv": true,
      "save_numpy": true,
      "plot": true
    },
    "rotation": {
      "theta_deg": 35.0
    }
  },
  "runtime_s": 1.2789004999995086,
  "seed_runs": [
    {
      "snr_db": 0.0,
      "ber": 0.31742697078831533,
      "ser": 0.8955582232893158,
      "bit_errors": 3173,
      "total_bits": 9996,
      "symbol_errors": 4476,
      "total_symbols": 4998,
      "seed": 42,
      "scheme": "scirs_3x1"
    },
    {
      "snr_db": 0.0,
      "ber": 0.3202280912364946,
      "ser": 0.8891556622649059,
      "bit_errors": 3201,
      "total_bits": 9996,
      "symbol_errors": 4444,
      "total_symbols": 4998,
      "seed": 43,
      "scheme": "scirs_3x1"
    },
    {
      "snr_db": 0.0,
      "ber": 0.3209283713485394,
      "ser": 0.8935574229691877,
      "bit_errors": 3208,
      "total_bits": 9996,
      "symbol_errors": 4466,
      "total_symbols": 4998,
      "seed": 44,
      "scheme": "scirs_3x1"
    },
    {
      "snr_db": 2.0,
      "ber": 0.2988195278111245,
      "ser": 0.9043617446978791,
      "bit_errors": 2987,
      "total_bits": 9996,
      "symbol_errors": 4520,
      "total_symbols": 4998,
      "seed": 42,
      "scheme": "scirs_3x1"
    },
    {
      "snr_db": 2.0,
      "ber": 0.2992196878751501,
      "ser": 0.9015606242496998,
      "bit_errors": 2991,
      "total_bits": 9996,
      "symbol_errors": 4506,
      "total_symbols": 4998,
      "seed": 43,
      "scheme": "scirs_3x1"
    },
    {
      "snr_db": 2.0,
      "ber": 0.3037214885954382,
      "ser": 0.9035614245698279,
      "bit_errors": 3036,
      "total_bits": 9996,
      "symbol_errors": 4516,
      "total_symbols": 4998,
      "seed": 44,
      "scheme": "scirs_3x1"
    },
    {
      "snr_db": 4.0,
      "ber": 0.2857142857142857,
      "ser": 0.9151660664265706,
      "bit_errors": 2856,
      "total_bits": 9996,
      "symbol_errors": 4574,
      "total_symbols": 4998,
      "seed": 42,
      "scheme": "scirs_3x1"
    },
    {
      "snr_db": 4.0,
      "ber": 0.2834133653461385,
      "ser": 0.9129651860744298,
      "bit_errors": 2833,
      "total_bits": 9996,
      "symbol_errors": 4563,
      "total_symbols": 4998,
      "seed": 43,
      "scheme": "scirs_3x1"
    },
    {
      "snr_db": 4.0,
      "ber": 0.2898159263705482,
      "ser": 0.9159663865546218,
      "bit_errors": 2897,
      "total_bits": 9996,
      "symbol_errors": 4578,
      "total_symbols": 4998,
      "seed": 44,
      "scheme": "scirs_3x1"
    },
    {
      "snr_db": 6.0,
      "ber": 0.2755102040816326,
      "ser": 0.9217687074829932,
      "bit_errors": 2754,
      "total_bits": 9996,
      "symbol_errors": 4607,
      "total_symbols": 4998,
      "seed": 42,
      "scheme": "scirs_3x1"
    },
    {
      "snr_db": 6.0,
      "ber": 0.2695078031212485,
      "ser": 0.9191676670668267,
      "bit_errors": 2694,
      "total_bits": 9996,
      "symbol_errors": 4594,
      "total_symbols": 4998,
      "seed": 43,
      "scheme": "scirs_3x1"
    },
    {
      "snr_db": 6.0,
      "ber": 0.2771108443377351,
      "ser": 0.9213685474189676,
      "bit_errors": 2770,
      "total_bits": 9996,
      "symbol_errors": 4605,
      "total_symbols": 4998,
      "seed": 44,
      "scheme": "scirs_3x1"
    },
    {
      "snr_db": 8.0,
      "ber": 0.26790716286514604,
      "ser": 0.9247699079631853,
      "bit_errors": 2678,
      "total_bits": 9996,
      "symbol_errors": 4622,
      "total_symbols": 4998,
      "seed": 42,
      "scheme": "scirs_3x1"
    },
    {
      "snr_db": 8.0,
      "ber": 0.26450580232092835,
      "ser": 0.9205682272909164,
      "bit_errors": 2644,
      "total_bits": 9996,
      "symbol_errors": 4601,
      "total_symbols": 4998,
      "seed": 43,
      "scheme": "scirs_3x1"
    },
    {
      "snr_db": 8.0,
      "ber": 0.27170868347338933,
      "ser": 0.9267707082833133,
      "bit_errors": 2716,
      "total_bits": 9996,
      "symbol_errors": 4632,
      "total_symbols": 4998,
      "seed": 44,
      "scheme": "scirs_3x1"
    },
    {
      "snr_db": 10.0,
      "ber": 0.2612044817927171,
      "ser": 0.9243697478991597,
      "bit_errors": 2611,
      "total_bits": 9996,
      "symbol_errors": 4620,
      "total_symbols": 4998,
      "seed": 42,
      "scheme": "scirs_3x1"
    },
    {
      "snr_db": 10.0,
      "ber": 0.2618047218887555,
      "ser": 0.9235694277711084,
      "bit_errors": 2617,
      "total_bits": 9996,
      "symbol_errors": 4616,
      "total_symbols": 4998,
      "seed": 43,
      "scheme": "scirs_3x1"
    },
    {
      "snr_db": 10.0,
      "ber": 0.2668067226890756,
      "ser": 0.9311724689875951,
      "bit_errors": 2667,
      "total_bits": 9996,
      "symbol_errors": 4654,
      "total_symbols": 4998,
      "seed": 44,
      "scheme": "scirs_3x1"
    },
    {
      "snr_db": 12.0,
      "ber": 0.25540216086434575,
      "ser": 0.9265706282513005,
      "bit_errors": 2553,
      "total_bits": 9996,
      "symbol_errors": 4631,
      "total_symbols": 4998,
      "seed": 42,
      "scheme": "scirs_3x1"
    },
    {
      "snr_db": 12.0,
      "ber": 0.25890356142456983,
      "ser": 0.9279711884753902,
      "bit_errors": 2588,
      "total_bits": 9996,
      "symbol_errors": 4638,
      "total_symbols": 4998,
      "seed": 43,
      "scheme": "scirs_3x1"
    },
    {
      "snr_db": 12.0,
      "ber": 0.26110444177671066,
      "ser": 0.9323729491796718,
      "bit_errors": 2610,
      "total_bits": 9996,
      "symbol_errors": 4660,
      "total_symbols": 4998,
      "seed": 44,
      "scheme": "scirs_3x1"
    },
    {
      "snr_db": 14.0,
      "ber": 0.25250100040016005,
      "ser": 0.9283713485394157,
      "bit_errors": 2524,
      "total_bits": 9996,
      "symbol_errors": 4640,
      "total_symbols": 4998,
      "seed": 42,
      "scheme": "scirs_3x1"
    },
    {
      "snr_db": 14.0,
      "ber": 0.2580032012805122,
      "ser": 0.928171268507403,
      "bit_errors": 2579,
      "total_bits": 9996,
      "symbol_errors": 4639,