{
  "snr_db": [
    0.0,
    2.0,
    4.0,
    6.0,
    8.0,
    10.0,
    12.0,
    14.0,
    16.0,
    18.0,
    20.0,
    22.0,
    24.0,
    26.0,
    28.0,
    30.0
  ],
  "ber": [
    0.4100640256102441,
    0.40596238495398157,
    0.4002934507136187,
    0.3961584633853541,
    0.3973922902494331,
    0.393890889689209,
    0.3930905695611578,
    0.3902227557689742,
    0.38915566226490594,
    0.3895224756569295,
    0.3904228358009871,
    0.38992263572095504,
    0.39158996932106177,
    0.39142323596105105,
    0.3913231959450447,
    0.391656662665066
  ],
  "ser": [
    0.9355742296918766,
    0.9373082566359877,
    0.937374949979992,
    0.9380418834200347,
    0.937641723356009,
    0.9365746298519407,
    0.9355075363478725,
    0.9355742296918766,
    0.9345738295318128,
    0.9340402827797786,
    0.9341069761237829,
    0.9329731892757103,
    0.9331732693077232,
    0.9334400426837401,
    0.932906495931706,
    0.932906495931706
  ],
  "scheme": "scirs_3x1",
  "config": {
    "seed": 42,
    "modulation": "qpsk",
    "scheme": "scirs_3x1",
    "n_tx": 3,
    "n_rx": 1,
    "snr_db": {
      "start": 0,
      "stop": 30,
      "step": 2
    },
    "n_symbols": 100000,
    "max_errors": 200,
    "batch_size": 5000,
    "seeds": [
      42,
      43,
      44
    ],
    "parallel": {
      "enabled": false,
      "workers": 4
    },
    "channel": {
      "type": "correlated",
      "correlation_rho": 0.0
    },
    "receiver": {
      "detector": "ml"
    },
    "output": {
      "save_raw_json": true,
      "save_csv": true,
      "save_numpy": true,
      "plot": true
    },
    "rotation": {
      "theta_deg": 35.0
    }
  },
  "runtime_s": 0.6602934000002278,
  "seed_runs": [
    {
      "snr_db": 0.0,
      "ber": 0.40556222488995597,
      "ser": 0.933173269307723,
      "bit_errors": 4054,
      "total_bits": 9996,
      "symbol_errors": 4664,
      "total_symbols": 4998,
      "seed": 42,
      "scheme": "scirs_3x1"
    },
    {
      "snr_db": 0.0,
      "ber": 0.4096638655462185,
      "ser": 0.9389755902360944,
      "bit_errors": 4095,
      "total_bits": 9996,
      "symbol_errors": 4693,
      "total_symbols": 4998,
      "seed": 43,
      "scheme": "scirs_3x1"
    },
    {
      "snr_db": 0.0,
      "ber": 0.41496598639455784,
      "ser": 0.9345738295318127,
      "bit_errors": 4148,
      "total_bits": 9996,
      "symbol_errors": 4671,
      "total_symbols": 4998,
      "seed": 44,
      "scheme": "scirs_3x1"
    },
    {
      "snr_db": 2.0,
      "ber": 0.40486194477791115,
      "ser": 0.93937575030012,
      "bit_errors": 4047,
      "total_bits": 9996,
      "symbol_errors": 4695,
      "total_symbols": 4998,
      "seed": 42,
      "scheme": "scirs_3x1"
    },
    {
      "snr_db": 2.0,
      "ber": 0.4025610244097639,
      "ser": 0.9379751900760304,
      "bit_errors": 4024,
      "total_bits": 9996,
      "symbol_errors": 4688,
      "total_symbols": 4998,
      "seed": 43,
      "scheme": "scirs_3x1"
    },
    {
      "snr_db": 2.0,
      "ber": 0.41046418567426973,
      "ser": 0.9345738295318127,
      "bit_errors": 4103,
      "total_bits": 9996,
      "symbol_errors": 4671,
      "total_symbols": 4998,
      "seed": 44,
      "scheme": "scirs_3x1"
    },
    {
      "snr_db": 4.0,
      "ber": 0.3982593037214886,
      "ser": 0.938375350140056,
      "bit_errors": 3981,
      "total_bits": 9996,
      "symbol_errors": 4690,
      "total_symbols": 4998,
      "seed": 42,
      "scheme": "scirs_3x1"
    },
    {
      "snr_db": 4.0,
      "ber": 0.39995998399359745,
      "ser": 0.9389755902360944,
      "bit_errors": 3998,
      "total_bits": 9996,
      "symbol_errors": 4693,
      "total_symbols": 4998,
      "seed": 43,
      "scheme": "scirs_3x1"
    },
    {
      "snr_db": 4.0,
      "ber": 0.4026610644257703,
      "ser": 0.9347739095638256,
      "bit_errors": 4025,
      "total_bits": 9996,
      "symbol_errors": 4672,
      "total_symbols": 4998,
      "seed": 44,
      "scheme": "scirs_3x1"
    },
    {
      "snr_db": 6.0,
      "ber": 0.3947579031612645,
      "ser": 0.938375350140056,
      "bit_errors": 3946,
      "total_bits": 9996,
      "symbol_errors": 4690,
      "total_symbols": 4998,
      "seed": 42,
      "scheme": "scirs_3x1"
    },
    {
      "snr_db": 6.0,
      "ber": 0.39805922368947577,
      "ser": 0.9401760704281713,
      "bit_errors": 3979,
      "total_bits": 9996,
      "symbol_errors": 4699,
      "total_symbols": 4998,
      "seed": 43,
      "scheme": "scirs_3x1"
    },
    {
      "snr_db": 6.0,
      "ber": 0.3956582633053221,
      "ser": 0.9355742296918768,
      "bit_errors": 3955,
      "total_bits": 9996,
      "symbol_errors": 4676,
      "total_symbols": 4998,
      "seed": 44,
      "scheme": "scirs_3x1"
    },
    {
      "snr_db": 8.0,
      "ber": 0.39765906362545017,
      "ser": 0.9401760704281713,
      "bit_errors": 3975,
      "total_bits": 9996,
      "symbol_errors": 4699,
      "total_symbols": 4998,
      "seed": 42,
      "scheme": "scirs_3x1"
    },
    {
      "snr_db": 8.0,
      "ber": 0.39805922368947577,
      "ser": 0.9389755902360944,
      "bit_errors": 3979,
      "total_bits": 9996,
      "symbol_errors": 4693,
      "total_symbols": 4998,
      "seed": 43,
      "scheme": "scirs_3x1"
    },
    {
      "snr_db": 8.0,
      "ber": 0.39645858343337337,
      "ser": 0.9337735094037615,
      "bit_errors": 3963,
      "total_bits": 9996,
      "symbol_errors": 4667,
      "total_symbols": 4998,
      "seed": 44,
      "scheme": "scirs_3x1"
    },
    {
      "snr_db": 10.0,
      "ber": 0.39235694277711086,
      "ser": 0.9397759103641457,
      "bit_errors": 3922,
      "total_bits": 9996,
      "symbol_errors": 4697,
      "total_symbols": 4998,
      "seed": 42,
      "scheme": "scirs_3x1"
    },
    {
      "snr_db": 10.0,
      "ber": 0.3948579431772709,
      "ser": 0.9377751100440176,
      "bit_errors": 3947,
      "total_bits": 9996,
      "symbol_errors": 4687,
      "total_symbols": 4998,
      "seed": 43,
      "scheme": "scirs_3x1"
    },
    {
      "snr_db": 10.0,
      "ber": 0.3944577831132453,
      "ser": 0.9321728691476591,
      "bit_errors": 3943,
      "total_bits": 9996,
      "symbol_errors": 4659,
      "total_symbols": 4998,
      "seed": 44,
      "scheme": "scirs_3x1"
    },
    {
      "snr_db": 12.0,
      "ber": 0.3914565826330532,
      "ser": 0.9377751100440176,
      "bit_errors": 3913,
      "total_bits": 9996,
      "symbol_errors": 4687,
      "total_symbols": 4998,
      "seed": 42,
      "scheme": "scirs_3x1"
    },
    {
      "snr_db": 12.0,
      "ber": 0.3946578631452581,
      "ser": 0.9375750300120048,
      "bit_errors": 3945,
      "total_bits": 9996,
      "symbol_errors": 4686,
      "total_symbols": 4998,
      "seed": 43,
      "scheme": "scirs_3x1"
    },
    {
      "snr_db": 12.0,
      "ber": 0.39315726290516206,
      "ser": 0.9311724689875951,
      "bit_errors": 3930,
      "total_bits": 9996,
      "symbol_errors": 4654,
      "total_symbols": 4998,
      "seed": 44,
      "scheme": "scirs_3x1"
    },
    {
      "snr_db": 14.0,
      "ber": 0.3873549419767907,
      "ser": 0.9385754301720688,
      "bit_errors": 3872,
      "total_bits": 9996,
      "symbol_errors": 4691,
      "total_symbols": 4998,
      "seed": 42,
      "scheme": "scirs_3x1"
    },
    {
      "snr_db": 14.0,
      "ber": 0.39395758303321327,
      "ser": 0.936374549819928,
      "bit_errors": 3938,
      "total_bits": 9996,
      "symbol_errors": 4680,
      "total_symbols": 4998,
      "seed": 43,
      "scheme": "scirs_3x1"
    },
    {
      "snr_db": 14.0,
      "ber": 0.38935574229691877,
      "ser": 0.9317727090836334,
      "bit_errors": 3892,
      "total_bits": 9996,
      "symbol_errors": 4657,
      "total_symbols": 4998,
      "seed": 44,
      "scheme": "scirs_3x1"
    },
    {
      "snr_db": 16.0,
      "ber": 0.3862545018007203,
      "ser": 0.938375350140056,