{
  "modulations": [
    "qpsk",
    "16qam"
  ],
  "ml_runtime_s": [
    0.021200999999564374,
    0.20029169999907026
  ],
  "sphere_runtime_s": [
    0.0283755000000383,
    0.2512539999988803
  ]
}