{
  "snr_db": [
    0.0,
    2.0,
    4.0,
    6.0,
    8.0,
    10.0,
    12.0,
    14.0,
    16.0,
    18.0,
    20.0,
    22.0,
    24.0,
    26.0,
    28.0,
    30.0
  ],
  "ber": [
    0.11763333333333333,
    0.0838,
    0.058133333333333335,
    0.0389,
    0.026066666666666665,
    0.017033333333333334,
    0.010722222222222223,
    0.007097222222222223,
    0.004493333333333333,
    0.0029047619047619048,
    0.001838131313131313,
    0.0011233660130718956,
    0.0007266666666666667,
    0.00043666666666666664,
    0.00026,
    0.000165
  ],
  "ser": [
    0.2098,
    0.15080000000000002,
    0.1042,
    0.06973333333333333,
    0.04673333333333333,
    0.031166666666666665,
    0.019822222222222224,
    0.013072222222222223,
    0.0082,
    0.005316666666666667,
    0.0033247474747474747,
    0.0020377995642701526,
    0.0013299999999999998,
    0.0008033333333333334,
    0.00047,
    0.00030333333333333335
  ],
  "ber_ci95": [
    0.002890215524451036,
    0.0021589676545361513,
    0.0019347934716082177,
    0.0023844429118769,
    0.002325536306126204,
    0.0013441053199474775,
    0.0013203872234133019,
    0.0004627777777777778,
    0.0002883561994786619,
    0.00021948221897102378,
    7.004715787302989e-05,
    0.00010612257929818861,
    1.1778134166515662e-05,
    2.7910412234703955e-05,
    2.0400326794768104e-05,
    9.80000000000001e-06
  ],
  "scheme": "mrc_3x1",
  "config": {
    "seed": 42,
    "modulation": "qpsk",
    "scheme": "mrc_3x1",
    "n_tx": 1,
    "n_rx": 1,
    "snr_db": {
      "start": 0,
      "stop": 30,
      "step": 2
    },
    "n_symbols": 100000,
    "max_errors": 200,
    "batch_size": 5000,
    "seeds": [
      42,
      43,
      44
    ],
    "parallel": {
      "enabled": false,
      "workers": 4
    },
    "channel": {
      "type": "correlated",
      "correlation_rho": 0.9
    },
    "receiver": {
      "detector": "ml"
    },
    "output": {
      "save_raw_json": true,
      "save_csv": true,
      "save_numpy": true,
      "plot": true
    }
  },
  "runtime_s": 1.459900199999538,
  "seed_runs": [
    {
      "snr_db": 0.0,
      "ber": 0.1156,
      "ser": 0.204,
      "bit_errors": 1156,
      "total_bits": 10000,
      "symbol_errors": 1020,
      "total_symbols": 5000,
      "seed": 42,
      "scheme": "mrc_3x1"
    },
    {
      "snr_db": 0.0,
      "ber": 0.1205,
      "ser": 0.2156,
      "bit_errors": 1205,
      "total_bits": 10000,
      "symbol_errors": 1078,
      "total_symbols": 5000,
      "seed": 43,
      "scheme": "mrc_3x1"
    },
    {
      "snr_db": 0.0,
      "ber": 0.1168,
      "ser": 0.2098,
      "bit_errors": 1168,
      "total_bits": 10000,
      "symbol_errors": 1049,
      "total_symbols": 5000,
      "seed": 44,
      "scheme": "mrc_3x1"
    },
    {
      "snr_db": 2.0,
      "ber": 0.0836,
      "ser": 0.1494,
      "bit_errors": 836,
      "total_bits": 10000,
      "symbol_errors": 747,
      "total_symbols": 5000,
      "seed": 42,
      "scheme": "mrc_3x1"
    },
    {
      "snr_db": 2.0,
      "ber": 0.0858,
      "ser": 0.154,
      "bit_errors": 858,
      "total_bits": 10000,
      "symbol_errors": 770,
      "total_symbols": 5000,
      "seed": 43,
      "scheme": "mrc_3x1"
    },
    {
      "snr_db": 2.0,
      "ber": 0.082,
      "ser": 0.149,
      "bit_errors": 820,
      "total_bits": 10000,
      "symbol_errors": 745,
      "total_symbols": 5000,
      "seed": 44,
      "scheme": "mrc_3x1"
    },
    {
      "snr_db": 4.0,
      "ber": 0.0601,
      "ser": 0.1082,
      "bit_errors": 601,
      "total_bits": 10000,
      "symbol_errors": 541,
      "total_symbols": 5000,
      "seed": 42,
      "scheme": "mrc_3x1"
    },
    {
      "snr_db": 4.0,
      "ber": 0.0573,
      "ser": 0.101,
      "bit_errors": 573,
      "total_bits": 10000,
      "symbol_errors": 505,
      "total_symbols": 5000,
      "seed": 43,
      "scheme": "mrc_3x1"
    },
    {
      "snr_db": 4.0,
      "ber": 0.057,
      "ser": 0.1034,
      "bit_errors": 570,
      "total_bits": 10000,
      "symbol_errors": 517,
      "total_symbols": 5000,
      "seed": 44,
      "scheme": "mrc_3x1"
    },
    {
      "snr_db": 6.0,
      "ber": 0.0409,
      "ser": 0.074,
      "bit_errors": 409,
      "total_bits": 10000,
      "symbol_errors": 370,
      "total_symbols": 5000,
      "seed": 42,
      "scheme": "mrc_3x1"
    },
    {
      "snr_db": 6.0,
      "ber": 0.0391,
      "ser": 0.0688,
      "bit_errors": 391,
      "total_bits": 10000,
      "symbol_errors": 344,
      "total_symbols": 5000,
      "seed": 43,
      "scheme": "mrc_3x1"
    },
    {
      "snr_db": 6.0,
      "ber": 0.0367,
      "ser": 0.0664,
      "bit_errors": 367,
      "total_bits": 10000,
      "symbol_errors": 332,
      "total_symbols": 5000,
      "seed": 44,
      "scheme": "mrc_3x1"
    },
    {
      "snr_db": 8.0,
      "ber": 0.0282,
      "ser": 0.051,
      "bit_errors": 282,
      "total_bits": 10000,
      "symbol_errors": 255,
      "total_symbols": 5000,
      "seed": 42,
      "scheme": "mrc_3x1"
    },
    {
      "snr_db": 8.0,
      "ber": 0.0259,
      "ser": 0.0462,
      "bit_errors": 259,
      "total_bits": 10000,
      "symbol_errors": 231,
      "total_symbols": 5000,
      "seed": 43,
      "scheme": "mrc_3x1"
    },
    {
      "snr_db": 8.0,
      "ber": 0.0241,
      "ser": 0.043,
      "bit_errors": 241,
      "total_bits": 10000,
      "symbol_errors": 215,
      "total_symbols": 5000,
      "seed": 44,
      "scheme": "mrc_3x1"
    },
    {
      "snr_db": 10.0,
      "ber": 0.0184,
      "ser": 0.0335,
      "bit_errors": 368,
      "total_bits": 20000,
      "symbol_errors": 335,
      "total_symbols": 10000,
      "seed": 42,
      "scheme": "mrc_3x1"
    },
    {
      "snr_db": 10.0,
      "ber": 0.01645,
      "ser": 0.03,
      "bit_errors": 329,
      "total_bits": 20000,
      "symbol_errors": 300,
      "total_symbols": 10000,
      "seed": 43,
      "scheme": "mrc_3x1"
    },
    {
      "snr_db": 10.0,
      "ber": 0.01625,
      "ser": 0.03,
      "bit_errors": 325,
      "total_bits": 20000,
      "symbol_errors": 300,
      "total_symbols": 10000,
      "seed": 44,
      "scheme": "mrc_3x1"
    },
    {
      "snr_db": 12.0,
      "ber": 0.0119,
      "ser": 0.0217,
      "bit_errors": 238,
      "total_bits": 20000,
      "symbol_errors": 217,
      "total_symbols": 10000,
      "seed": 42,
      "scheme": "mrc_3x1"
    },
    {
      "snr_db": 12.0,
      "ber": 0.0107,
      "ser": 0.0201,
      "bit_errors": 214,
      "total_bits": 20000,
      "symbol_errors": 201,
      "total_symbols": 10000,
      "seed": 43,
      "scheme": "mrc_3x1"
    },
    {
      "snr_db": 12.0,
      "ber": 0.009566666666666666,
      "ser": 0.017666666666666667,
      "bit_errors": 287,
      "total_bits": 30000,
      "symbol_errors": 265,
      "total_symbols": 15000,
      "seed": 44,
      "scheme": "mrc_3x1"
    },
    {
      "snr_db": 14.0,
      "ber": 0.007333333333333333,
      "ser": 0.013333333333333334,
      "bit_errors": 220,
      "total_bits": 30000,
      "symbol_errors": 200,
      "total_symbols": 15000,
      "seed": 42,
      "scheme": "mrc_3x1"
    },
    {
      "snr_db": 14.0,
      "ber": 0.007333333333333333,
      "ser": 0.013733333333333334,
      "bit_errors": 220,
      "total_bits": 30000,
      "symbol_errors": 206,
      "total_symbols": 15000,
      "seed": 43,
      "scheme": "mrc_3x1"
    },
    {
      "snr_db": 14.0,
      "ber": 0.006625,
      "ser": 0.01215,
      "bit_errors": 265,
      "total_bits": 40000,
      "symbol_errors": 243,
      "total_symbols": 20000,
      "seed": 44,
      "scheme": "mrc_3x1"
    },
    {
      "snr_db": 16.0,
      "ber": 0.00466,
      "ser": 0.00856,
      "bit_errors": 233,
      "total_bits": 50000,
      "symbol_errors": 214,
      "total_symbols": 25000,
      "seed": 42,
      "scheme": "mrc_3x1"
    },
    {
      "snr_db": 16.0,
      "ber": 0.00462,
      "ser": 0.00828,