{
  "snr_db": [
    0.0,
    2.0,
    4.0,
    6.0,
    8.0,
    10.0,
    12.0,
    14.0,
    16.0,
    18.0,
    20.0,
    22.0,
    24.0,
    26.0,
    28.0,
    30.0
  ],
  "ber": [
    0.2118,
    0.1673,
    0.12766666666666668,
    0.09223333333333333,
    0.0646,
    0.04376666666666667,
    0.02903333333333333,
    0.01995,
    0.012483333333333334,
    0.008044444444444444,
    0.004968333333333332,
    0.003203174603174603,
    0.002041077441077441,
    0.0012453159041394336,
    0.0008033333333333334,
    0.00051
  ],
  "ser": [
    0.3658666666666666,
    0.29233333333333333,
    0.22573333333333334,
    0.16513333333333333,
    0.1158,
    0.07793333333333333,
    0.052199999999999996,
    0.036066666666666664,
    0.022699999999999998,
    0.014622222222222222,
    0.009063333333333333,
    0.005834920634920635,
    0.003682154882154882,
    0.0022553104575163394,
    0.0014166666666666668,
    0.0009199999999999999
  ],
  "ber_ci95": [
    0.0036370192924059853,
    0.0037394416695544336,
    0.00442678533977472,
    0.0056606724374798885,
    0.004348962788221277,
    0.0025235925010015222,
    0.0028857815425134188,
    0.0022610902974745037,
    0.0007681877663985832,
    0.0009795159298296907,
    0.00069227904136346,
    0.00036068768337478845,
    0.00023202335127810685,
    6.289022854842205e-05,
    7.297180581871635e-05,
    8.892296291359917e-05
  ],
  "scheme": "siso",
  "config": {
    "seed": 42,
    "modulation": "qpsk",
    "scheme": "siso",
    "n_tx": 1,
    "n_rx": 1,
    "snr_db": {
      "start": 0,
      "stop": 30,
      "step": 2
    },
    "n_symbols": 100000,
    "max_errors": 200,
    "batch_size": 5000,
    "seeds": [
      42,
      43,
      44
    ],
    "parallel": {
      "enabled": false,
      "workers": 4
    },
    "channel": {
      "type": "rayleigh",
      "correlation_rho": 0.0
    },
    "receiver": {
      "detector": "ml"
    },
    "output": {
      "save_raw_json": true,
      "save_csv": true,
      "save_numpy": true,
      "plot": true
    }
  },
  "runtime_s": 0.8699811000005866,
  "seed_runs": [
    {
      "snr_db": 0.0,
      "ber": 0.2097,
      "ser": 0.3646,
      "bit_errors": 2097,
      "total_bits": 10000,
      "symbol_errors": 1823,
      "total_symbols": 5000,
      "seed": 42,
      "scheme": "siso"
    },
    {
      "snr_db": 0.0,
      "ber": 0.2155,
      "ser": 0.3718,
      "bit_errors": 2155,
      "total_bits": 10000,
      "symbol_errors": 1859,
      "total_symbols": 5000,
      "seed": 43,
      "scheme": "siso"
    },
    {
      "snr_db": 0.0,
      "ber": 0.2102,
      "ser": 0.3612,
      "bit_errors": 2102,
      "total_bits": 10000,
      "symbol_errors": 1806,
      "total_symbols": 5000,
      "seed": 44,
      "scheme": "siso"
    },
    {
      "snr_db": 2.0,
      "ber": 0.1651,
      "ser": 0.2914,
      "bit_errors": 1651,
      "total_bits": 10000,
      "symbol_errors": 1457,
      "total_symbols": 5000,
      "seed": 42,
      "scheme": "siso"
    },
    {
      "snr_db": 2.0,
      "ber": 0.1711,
      "ser": 0.2974,
      "bit_errors": 1711,
      "total_bits": 10000,
      "symbol_errors": 1487,
      "total_symbols": 5000,
      "seed": 43,
      "scheme": "siso"
    },
    {
      "snr_db": 2.0,
      "ber": 0.1657,
      "ser": 0.2882,
      "bit_errors": 1657,
      "total_bits": 10000,
      "symbol_errors": 1441,
      "total_symbols": 5000,
      "seed": 44,
      "scheme": "siso"
    },
    {
      "snr_db": 4.0,
      "ber": 0.1247,
      "ser": 0.2228,
      "bit_errors": 1247,
      "total_bits": 10000,
      "symbol_errors": 1114,
      "total_symbols": 5000,
      "seed": 42,
      "scheme": "siso"
    },
    {
      "snr_db": 4.0,
      "ber": 0.1321,
      "ser": 0.2322,
      "bit_errors": 1321,
      "total_bits": 10000,
      "symbol_errors": 1161,
      "total_symbols": 5000,
      "seed": 43,
      "scheme": "siso"
    },
    {
      "snr_db": 4.0,
      "ber": 0.1262,
      "ser": 0.2222,
      "bit_errors": 1262,
      "total_bits": 10000,
      "symbol_errors": 1111,
      "total_symbols": 5000,
      "seed": 44,
      "scheme": "siso"
    },
    {
      "snr_db": 6.0,
      "ber": 0.0877,
      "ser": 0.1592,
      "bit_errors": 877,
      "total_bits": 10000,
      "symbol_errors": 796,
      "total_symbols": 5000,
      "seed": 42,
      "scheme": "siso"
    },
    {
      "snr_db": 6.0,
      "ber": 0.0976,
      "ser": 0.173,
      "bit_errors": 976,
      "total_bits": 10000,
      "symbol_errors": 865,
      "total_symbols": 5000,
      "seed": 43,
      "scheme": "siso"
    },
    {
      "snr_db": 6.0,
      "ber": 0.0914,
      "ser": 0.1632,
      "bit_errors": 914,
      "total_bits": 10000,
      "symbol_errors": 816,
      "total_symbols": 5000,
      "seed": 44,
      "scheme": "siso"
    },
    {
      "snr_db": 8.0,
      "ber": 0.0629,
      "ser": 0.1148,
      "bit_errors": 629,
      "total_bits": 10000,
      "symbol_errors": 574,
      "total_symbols": 5000,
      "seed": 42,
      "scheme": "siso"
    },
    {
      "snr_db": 8.0,
      "ber": 0.069,
      "ser": 0.1228,
      "bit_errors": 690,
      "total_bits": 10000,
      "symbol_errors": 614,
      "total_symbols": 5000,
      "seed": 43,
      "scheme": "siso"
    },
    {
      "snr_db": 8.0,
      "ber": 0.0619,
      "ser": 0.1098,
      "bit_errors": 619,
      "total_bits": 10000,
      "symbol_errors": 549,
      "total_symbols": 5000,
      "seed": 44,
      "scheme": "siso"
    },
    {
      "snr_db": 10.0,
      "ber": 0.0429,
      "ser": 0.078,
      "bit_errors": 429,
      "total_bits": 10000,
      "symbol_errors": 390,
      "total_symbols": 5000,
      "seed": 42,
      "scheme": "siso"
    },
    {
      "snr_db": 10.0,
      "ber": 0.0463,
      "ser": 0.0814,
      "bit_errors": 463,
      "total_bits": 10000,
      "symbol_errors": 407,
      "total_symbols": 5000,
      "seed": 43,
      "scheme": "siso"
    },
    {
      "snr_db": 10.0,
      "ber": 0.0421,
      "ser": 0.0744,
      "bit_errors": 421,
      "total_bits": 10000,
      "symbol_errors": 372,
      "total_symbols": 5000,
      "seed": 44,
      "scheme": "siso"
    },
    {
      "snr_db": 12.0,
      "ber": 0.029,
      "ser": 0.0526,
      "bit_errors": 290,
      "total_bits": 10000,
      "symbol_errors": 263,
      "total_symbols": 5000,
      "seed": 42,
      "scheme": "siso"
    },
    {
      "snr_db": 12.0,
      "ber": 0.0316,
      "ser": 0.0566,
      "bit_errors": 316,
      "total_bits": 10000,
      "symbol_errors": 283,
      "total_symbols": 5000,
      "seed": 43,
      "scheme": "siso"
    },
    {
      "snr_db": 12.0,
      "ber": 0.0265,
      "ser": 0.0474,
      "bit_errors": 265,
      "total_bits": 10000,
      "symbol_errors": 237,
      "total_symbols": 5000,
      "seed": 44,
      "scheme": "siso"
    },
    {
      "snr_db": 14.0,
      "ber": 0.0196,
      "ser": 0.0355,
      "bit_errors": 392,
      "total_bits": 20000,
      "symbol_errors": 355,
      "total_symbols": 10000,
      "seed": 42,
      "scheme": "siso"
    },
    {
      "snr_db": 14.0,
      "ber": 0.0221,
      "ser": 0.04,
      "bit_errors": 221,
      "total_bits": 10000,
      "symbol_errors": 200,
      "total_symbols": 5000,
      "seed": 43,
      "scheme": "siso"
    },
    {
      "snr_db": 14.0,
      "ber": 0.01815,
      "ser": 0.0327,
      "bit_errors": 363,
      "total_bits": 20000,
      "symbol_errors": 327,
      "total_symbols": 10000,
      "seed": 44,
      "scheme": "siso"
    },
    {
      "snr_db": 16.0,
      "ber": 0.01285,
      "ser": 0.0234,
      "bit_errors": 257,
      "total_bits": 20000,
      "symbol_errors": 234,
      "total_symbols": 10000,
      "seed": 42,
      "scheme": "siso"
    },
    {
      "snr_db": 16.0,
      "ber": 0.0129,
      "ser": 0.0235,
      "bit_errors": 258,
      "total_bits": 20000,
      "symbol_errors": 235,
      "total_symbols": 10000,
      "seed": 43,