{
  "modulations": [
    "qpsk",
    "16qam"
  ],
  "ml_runtime_s": [
    0.008553100000426639,
    0.1628882999993948
  ],
  "sphere_runtime_s": [
    0.01067239999974845,
    0.21461689999887312
  ]
}