{
  "snr_db": [
    0.0,
    2.0,
    4.0,
    6.0,
    8.0,
    10.0,
    12.0,
    14.0,
    16.0,
    18.0,
    20.0,
    22.0,
    24.0,
    26.0,
    28.0,
    30.0
  ],
  "ber": [
    0.36634653861544625,
    0.35867680405495533,
    0.35264105642256904,
    0.34830598906229165,
    0.3461384553821529,
    0.3433039882619715,
    0.34487128184607174,
    0.3449713218620782,
    0.34500466853408024,
    0.3449046285180739,
    0.34660530879018275,
    0.34687208216619986,
    0.3475723622782447,
    0.34603841536614643,
    0.3457716419901294,
    0.3458049886621315
  ],
  "ser": [
    0.9199679871948779,
    0.9193677470988395,
    0.9189008936908096,
    0.9187675070028011,
    0.9205682272909165,
    0.9177004134987329,
    0.9184340402827799,
    0.9196345204748567,
    0.9177671068427372,
    0.9156996131786048,
    0.9170334800586901,
    0.9181672669067628,
    0.9183006535947712,
    0.9179671868747499,
    0.9179004935307455,
    0.9177004134987329
  ],
  "scheme": "scirs_3x1",
  "config": {
    "seed": 42,
    "modulation": "qpsk",
    "scheme": "scirs_3x1",
    "n_tx": 3,
    "n_rx": 1,
    "snr_db": {
      "start": 0,
      "stop": 30,
      "step": 2
    },
    "n_symbols": 100000,
    "max_errors": 200,
    "batch_size": 5000,
    "seeds": [
      42,
      43,
      44
    ],
    "parallel": {
      "enabled": false,
      "workers": 4
    },
    "channel": {
      "type": "correlated",
      "correlation_rho": 0.5
    },
    "receiver": {
      "detector": "ml"
    },
    "output": {
      "save_raw_json": true,
      "save_csv": true,
      "save_numpy": true,
      "plot": true
    },
    "rotation": {
      "theta_deg": 35.0
    }
  },
  "runtime_s": 0.774698700000954,
  "seed_runs": [
    {
      "snr_db": 0.0,
      "ber": 0.36534613845538216,
      "ser": 0.923969587835134,
      "bit_errors": 3652,
      "total_bits": 9996,
      "symbol_errors": 4618,
      "total_symbols": 4998,
      "seed": 42,
      "scheme": "scirs_3x1"
    },
    {
      "snr_db": 0.0,
      "ber": 0.3720488195278111,
      "ser": 0.9241696678671468,
      "bit_errors": 3719,
      "total_bits": 9996,
      "symbol_errors": 4619,
      "total_symbols": 4998,
      "seed": 43,
      "scheme": "scirs_3x1"
    },
    {
      "snr_db": 0.0,
      "ber": 0.36164465786314526,
      "ser": 0.9117647058823529,
      "bit_errors": 3615,
      "total_bits": 9996,
      "symbol_errors": 4557,
      "total_symbols": 4998,
      "seed": 44,
      "scheme": "scirs_3x1"
    },
    {
      "snr_db": 2.0,
      "ber": 0.3591436574629852,
      "ser": 0.924969987995198,
      "bit_errors": 3590,
      "total_bits": 9996,
      "symbol_errors": 4623,
      "total_symbols": 4998,
      "seed": 42,
      "scheme": "scirs_3x1"
    },
    {
      "snr_db": 2.0,
      "ber": 0.36094437775110044,
      "ser": 0.9231692677070829,
      "bit_errors": 3608,
      "total_bits": 9996,
      "symbol_errors": 4614,
      "total_symbols": 4998,
      "seed": 43,
      "scheme": "scirs_3x1"
    },
    {
      "snr_db": 2.0,
      "ber": 0.3559423769507803,
      "ser": 0.9099639855942377,
      "bit_errors": 3558,
      "total_bits": 9996,
      "symbol_errors": 4548,
      "total_symbols": 4998,
      "seed": 44,
      "scheme": "scirs_3x1"
    },
    {
      "snr_db": 4.0,
      "ber": 0.3544417767106843,
      "ser": 0.9235694277711084,
      "bit_errors": 3543,
      "total_bits": 9996,
      "symbol_errors": 4616,
      "total_symbols": 4998,
      "seed": 42,
      "scheme": "scirs_3x1"
    },
    {
      "snr_db": 4.0,
      "ber": 0.3498399359743898,
      "ser": 0.9193677470988395,
      "bit_errors": 3497,
      "total_bits": 9996,
      "symbol_errors": 4595,
      "total_symbols": 4998,
      "seed": 43,
      "scheme": "scirs_3x1"
    },
    {
      "snr_db": 4.0,
      "ber": 0.3536414565826331,
      "ser": 0.913765506202481,
      "bit_errors": 3535,
      "total_bits": 9996,
      "symbol_errors": 4567,
      "total_symbols": 4998,
      "seed": 44,
      "scheme": "scirs_3x1"
    },
    {
      "snr_db": 6.0,
      "ber": 0.3465386154461785,
      "ser": 0.9203681472589036,
      "bit_errors": 3464,
      "total_bits": 9996,
      "symbol_errors": 4600,
      "total_symbols": 4998,
      "seed": 42,
      "scheme": "scirs_3x1"
    },
    {
      "snr_db": 6.0,
      "ber": 0.35194077631052423,
      "ser": 0.923969587835134,
      "bit_errors": 3518,
      "total_bits": 9996,
      "symbol_errors": 4618,
      "total_symbols": 4998,
      "seed": 43,
      "scheme": "scirs_3x1"
    },
    {
      "snr_db": 6.0,
      "ber": 0.3464385754301721,
      "ser": 0.9119647859143657,
      "bit_errors": 3463,
      "total_bits": 9996,
      "symbol_errors": 4558,
      "total_symbols": 4998,
      "seed": 44,
      "scheme": "scirs_3x1"
    },
    {
      "snr_db": 8.0,
      "ber": 0.3457382953181273,
      "ser": 0.9229691876750701,
      "bit_errors": 3456,
      "total_bits": 9996,
      "symbol_errors": 4613,
      "total_symbols": 4998,
      "seed": 42,
      "scheme": "scirs_3x1"
    },
    {
      "snr_db": 8.0,
      "ber": 0.3474389755902361,
      "ser": 0.9235694277711084,
      "bit_errors": 3473,
      "total_bits": 9996,
      "symbol_errors": 4616,
      "total_symbols": 4998,
      "seed": 43,
      "scheme": "scirs_3x1"
    },
    {
      "snr_db": 8.0,
      "ber": 0.34523809523809523,
      "ser": 0.9151660664265706,
      "bit_errors": 3451,
      "total_bits": 9996,
      "symbol_errors": 4574,
      "total_symbols": 4998,
      "seed": 44,
      "scheme": "scirs_3x1"
    },
    {
      "snr_db": 10.0,
      "ber": 0.3389355742296919,
      "ser": 0.9199679871948779,
      "bit_errors": 3388,
      "total_bits": 9996,
      "symbol_errors": 4598,
      "total_symbols": 4998,
      "seed": 42,
      "scheme": "scirs_3x1"
    },
    {
      "snr_db": 10.0,
      "ber": 0.34293717486994796,
      "ser": 0.9185674269707883,
      "bit_errors": 3428,
      "total_bits": 9996,
      "symbol_errors": 4591,
      "total_symbols": 4998,
      "seed": 43,
      "scheme": "scirs_3x1"
    },
    {
      "snr_db": 10.0,
      "ber": 0.3480392156862745,
      "ser": 0.9145658263305322,
      "bit_errors": 3479,
      "total_bits": 9996,
      "symbol_errors": 4571,
      "total_symbols": 4998,
      "seed": 44,
      "scheme": "scirs_3x1"
    },
    {
      "snr_db": 12.0,
      "ber": 0.34203681472589037,
      "ser": 0.9197679071628652,
      "bit_errors": 3419,
      "total_bits": 9996,
      "symbol_errors": 4597,
      "total_symbols": 4998,
      "seed": 42,
      "scheme": "scirs_3x1"
    },
    {
      "snr_db": 12.0,
      "ber": 0.3453381352541016,
      "ser": 0.9205682272909164,
      "bit_errors": 3452,
      "total_bits": 9996,
      "symbol_errors": 4601,
      "total_symbols": 4998,
      "seed": 43,
      "scheme": "scirs_3x1"
    },
    {
      "snr_db": 12.0,
      "ber": 0.3472388955582233,
      "ser": 0.9149659863945578,
      "bit_errors": 3471,
      "total_bits": 9996,
      "symbol_errors": 4573,
      "total_symbols": 4998,
      "seed": 44,
      "scheme": "scirs_3x1"
    },
    {
      "snr_db": 14.0,
      "ber": 0.34243697478991597,
      "ser": 0.9181672669067628,
      "bit_errors": 3423,
      "total_bits": 9996,
      "symbol_errors": 4589,
      "total_symbols": 4998,
      "seed": 42,
      "scheme": "scirs_3x1"
    },
    {
      "snr_db": 14.0,
      "ber": 0.3486394557823129,
      "ser": 0.923969587835134,
      "bit_errors": 3485,
      "total_bits": 9996,
      "symbol_errors": 4618,
      "total_symbols": 4998,
      "seed": 43,
      "scheme": "scirs_3x1"
    },
    {
      "snr_db": 14.0,
      "ber": 0.3438375350140056,
      "ser": 0.916766706682673,
      "bit_errors": 3437,
      "total_bits": 9996,
      "symbol_errors": 4582,
      "total_symbols": 4998,
      "seed": 44,
      "scheme": "scirs_3x1"
    },
    {
      "snr_db": 16.0,
      "ber": 0.34193677470988393,
      "ser": 0.9173669467787114,