{
  "snr_db": [
    0.0,
    2.0,
    4.0,
    6.0,
    8.0,
    10.0,
    12.0,
    14.0,
    16.0,
    18.0,
    20.0,
    22.0,
    24.0,
    26.0,
    28.0,
    30.0
  ],
  "ber": [
    0.21136666666666667,
    0.1665,
    0.12549999999999997,
    0.09133333333333334,
    0.06330000000000001,
    0.04326666666666667,
    0.02896666666666667,
    0.0188,
    0.011716666666666667,
    0.007933333333333334,
    0.005226666666666667,
    0.0031261904761904764,
    0.002095757575757576,
    0.001271502285124576,
    0.000775,
    0.00044
  ],
  "ser": [
    0.36346666666666666,
    0.29033333333333333,
    0.22193333333333332,
    0.16246666666666668,
    0.11293333333333333,
    0.0776,
    0.051666666666666666,
    0.033900000000000007,
    0.020800000000000003,
    0.014422222222222223,
    0.009406666666666667,
    0.005625000000000001,
    0.003804713804713805,
    0.002318811735220404,
    0.0014,
    0.0007933333333333334
  ],
  "ber_ci95": [
    0.003376538924862419,
    0.0035945210158425003,
    0.003038526836039675,
    0.003506763243283538,
    0.0034173767717358915,
    0.003607559716915454,
    0.00297320507944616,
    0.0015086908231973836,
    0.0011063346891625721,
    0.0004989915756729689,
    0.0005475541414123152,
    0.0002546221601598033,
    0.0002747802691063797,
    0.00022033460862875211,
    0.00011273550165468428,
    9.668450410139841e-05
  ],
  "scheme": "mrc_2x1",
  "config": {
    "seed": 42,
    "modulation": "qpsk",
    "scheme": "mrc_2x1",
    "n_tx": 1,
    "n_rx": 1,
    "snr_db": {
      "start": 0,
      "stop": 30,
      "step": 2
    },
    "n_symbols": 100000,
    "max_errors": 200,
    "batch_size": 5000,
    "seeds": [
      42,
      43,
      44
    ],
    "parallel": {
      "enabled": false,
      "workers": 4
    },
    "channel": {
      "type": "rayleigh",
      "correlation_rho": 0.0
    },
    "receiver": {
      "detector": "ml"
    },
    "output": {
      "save_raw_json": true,
      "save_csv": true,
      "save_numpy": true,
      "plot": true
    }
  },
  "runtime_s": 0.9102289999991626,
  "seed_runs": [
    {
      "snr_db": 0.0,
      "ber": 0.2099,
      "ser": 0.3618,
      "bit_errors": 2099,
      "total_bits": 10000,
      "symbol_errors": 1809,
      "total_symbols": 5000,
      "seed": 42,
      "scheme": "mrc_2x1"
    },
    {
      "snr_db": 0.0,
      "ber": 0.2094,
      "ser": 0.362,
      "bit_errors": 2094,
      "total_bits": 10000,
      "symbol_errors": 1810,
      "total_symbols": 5000,
      "seed": 43,
      "scheme": "mrc_2x1"
    },
    {
      "snr_db": 0.0,
      "ber": 0.2148,
      "ser": 0.3666,
      "bit_errors": 2148,
      "total_bits": 10000,
      "symbol_errors": 1833,
      "total_symbols": 5000,
      "seed": 44,
      "scheme": "mrc_2x1"
    },
    {
      "snr_db": 2.0,
      "ber": 0.1657,
      "ser": 0.2908,
      "bit_errors": 1657,
      "total_bits": 10000,
      "symbol_errors": 1454,
      "total_symbols": 5000,
      "seed": 42,
      "scheme": "mrc_2x1"
    },
    {
      "snr_db": 2.0,
      "ber": 0.1638,
      "ser": 0.2878,
      "bit_errors": 1638,
      "total_bits": 10000,
      "symbol_errors": 1439,
      "total_symbols": 5000,
      "seed": 43,
      "scheme": "mrc_2x1"
    },
    {
      "snr_db": 2.0,
      "ber": 0.17,
      "ser": 0.2924,
      "bit_errors": 1700,
      "total_bits": 10000,
      "symbol_errors": 1462,
      "total_symbols": 5000,
      "seed": 44,
      "scheme": "mrc_2x1"
    },
    {
      "snr_db": 4.0,
      "ber": 0.125,
      "ser": 0.2242,
      "bit_errors": 1250,
      "total_bits": 10000,
      "symbol_errors": 1121,
      "total_symbols": 5000,
      "seed": 42,
      "scheme": "mrc_2x1"
    },
    {
      "snr_db": 4.0,
      "ber": 0.1231,
      "ser": 0.2184,
      "bit_errors": 1231,
      "total_bits": 10000,
      "symbol_errors": 1092,
      "total_symbols": 5000,
      "seed": 43,
      "scheme": "mrc_2x1"
    },
    {
      "snr_db": 4.0,
      "ber": 0.1284,
      "ser": 0.2232,
      "bit_errors": 1284,
      "total_bits": 10000,
      "symbol_errors": 1116,
      "total_symbols": 5000,
      "seed": 44,
      "scheme": "mrc_2x1"
    },
    {
      "snr_db": 6.0,
      "ber": 0.0907,
      "ser": 0.1644,
      "bit_errors": 907,
      "total_bits": 10000,
      "symbol_errors": 822,
      "total_symbols": 5000,
      "seed": 42,
      "scheme": "mrc_2x1"
    },
    {
      "snr_db": 6.0,
      "ber": 0.0886,
      "ser": 0.1588,
      "bit_errors": 886,
      "total_bits": 10000,
      "symbol_errors": 794,
      "total_symbols": 5000,
      "seed": 43,
      "scheme": "mrc_2x1"
    },
    {
      "snr_db": 6.0,
      "ber": 0.0947,
      "ser": 0.1642,
      "bit_errors": 947,
      "total_bits": 10000,
      "symbol_errors": 821,
      "total_symbols": 5000,
      "seed": 44,
      "scheme": "mrc_2x1"
    },
    {
      "snr_db": 8.0,
      "ber": 0.0637,
      "ser": 0.1164,
      "bit_errors": 637,
      "total_bits": 10000,
      "symbol_errors": 582,
      "total_symbols": 5000,
      "seed": 42,
      "scheme": "mrc_2x1"
    },
    {
      "snr_db": 8.0,
      "ber": 0.0601,
      "ser": 0.1074,
      "bit_errors": 601,
      "total_bits": 10000,
      "symbol_errors": 537,
      "total_symbols": 5000,
      "seed": 43,
      "scheme": "mrc_2x1"
    },
    {
      "snr_db": 8.0,
      "ber": 0.0661,
      "ser": 0.115,
      "bit_errors": 661,
      "total_bits": 10000,
      "symbol_errors": 575,
      "total_symbols": 5000,
      "seed": 44,
      "scheme": "mrc_2x1"
    },
    {
      "snr_db": 10.0,
      "ber": 0.0427,
      "ser": 0.0776,
      "bit_errors": 427,
      "total_bits": 10000,
      "symbol_errors": 388,
      "total_symbols": 5000,
      "seed": 42,
      "scheme": "mrc_2x1"
    },
    {
      "snr_db": 10.0,
      "ber": 0.0404,
      "ser": 0.073,
      "bit_errors": 404,
      "total_bits": 10000,
      "symbol_errors": 365,
      "total_symbols": 5000,
      "seed": 43,
      "scheme": "mrc_2x1"
    },
    {
      "snr_db": 10.0,
      "ber": 0.0467,
      "ser": 0.0822,
      "bit_errors": 467,
      "total_bits": 10000,
      "symbol_errors": 411,
      "total_symbols": 5000,
      "seed": 44,
      "scheme": "mrc_2x1"
    },
    {
      "snr_db": 12.0,
      "ber": 0.0275,
      "ser": 0.0498,
      "bit_errors": 275,
      "total_bits": 10000,
      "symbol_errors": 249,
      "total_symbols": 5000,
      "seed": 42,
      "scheme": "mrc_2x1"
    },
    {
      "snr_db": 12.0,
      "ber": 0.0274,
      "ser": 0.0492,
      "bit_errors": 274,
      "total_bits": 10000,
      "symbol_errors": 246,
      "total_symbols": 5000,
      "seed": 43,
      "scheme": "mrc_2x1"
    },
    {
      "snr_db": 12.0,
      "ber": 0.032,
      "ser": 0.056,
      "bit_errors": 320,
      "total_bits": 10000,
      "symbol_errors": 280,
      "total_symbols": 5000,
      "seed": 44,
      "scheme": "mrc_2x1"
    },
    {
      "snr_db": 14.0,
      "ber": 0.01775,
      "ser": 0.0327,
      "bit_errors": 355,
      "total_bits": 20000,
      "symbol_errors": 327,
      "total_symbols": 10000,
      "seed": 42,
      "scheme": "mrc_2x1"
    },
    {
      "snr_db": 14.0,
      "ber": 0.01835,
      "ser": 0.033,
      "bit_errors": 367,
      "total_bits": 20000,
      "symbol_errors": 330,
      "total_symbols": 10000,
      "seed": 43,
      "scheme": "mrc_2x1"
    },
    {
      "snr_db": 14.0,
      "ber": 0.0203,
      "ser": 0.036,
      "bit_errors": 203,
      "total_bits": 10000,
      "symbol_errors": 180,
      "total_symbols": 5000,
      "seed": 44,
      "scheme": "mrc_2x1"
    },
    {
      "snr_db": 16.0,
      "ber": 0.0107,
      "ser": 0.0195,
      "bit_errors": 214,
      "total_bits": 20000,
      "symbol_errors": 195,
      "total_symbols": 10000,
      "seed": 42,
      "scheme": "mrc_2x1"
    },
    {
      "snr_db": 16.0,
      "ber": 0.0118,
      "ser": 0.0213,
      "bit_errors": 236,
      "total_bits": 20000,
      "symbol_errors": 213,