{
  "snr_db": [
    0.0,
    2.0,
    4.0,
    6.0,
    8.0,
    10.0,
    12.0,
    14.0,
    16.0,
    18.0,
    20.0,
    22.0,
    24.0,
    26.0,
    28.0,
    30.0
  ],
  "ber": [
    0.3370348139255703,
    0.3174603174603175,
    0.295718287314926,
    0.26370548219287715,
    0.2280245431505936,
    0.19004268374016273,
    0.15883019874616514,
    0.1213485394157663,
    0.09173669467787116,
    0.06622649059623849,
    0.04688542083500066,
    0.03261304521808723,
    0.022542350273442712,
    0.014389088968920901,
    0.009559379307278466,
    0.005535547552354275
  ],
  "ser": [
    0.54421768707483,
    0.5160730959050287,
    0.4803921568627451,
    0.4308390022675737,
    0.3711484593837535,
    0.3088568760837669,
    0.2566359877284247,
    0.19714552487661732,
    0.148859543817527,
    0.10704281712685075,
    0.07616379885287448,
    0.05348806189142324,
    0.036347872482326266,
    0.023209283713485393,
    0.0156062424969988,
    0.00900360144057623
  ],
  "ber_ci95": [
    0.004878374629264581,
    0.0036231794905974557,
    0.003239747380756509,
    0.005655766706610178,
    0.005660674097300566,
    0.00807368136681992,
    0.0022251038602025173,
    0.004300335725384577,
    0.002549019607843133,
    0.003793665845995149,
    0.0011339445472481977,
    0.0023117306122650183,
    0.0027294918977543918,
    0.0023105753822632085,
    0.0008948389009983816,
    0.0006362066122199931
  ],
  "scheme": "scirs_3x1",
  "config": {
    "seed": 42,
    "modulation": "qpsk",
    "scheme": "scirs_3x1",
    "n_tx": 3,
    "n_rx": 1,
    "snr_db": {
      "start": 0,
      "stop": 30,
      "step": 2
    },
    "n_symbols": 100000,
    "max_errors": 200,
    "batch_size": 5000,
    "seeds": [
      42,
      43,
      44
    ],
    "parallel": {
      "enabled": false,
      "workers": 4
    },
    "channel": {
      "type": "correlated",
      "correlation_rho": 0.5
    },
    "receiver": {
      "detector": "ml"
    },
    "output": {
      "save_raw_json": true,
      "save_csv": true,
      "save_numpy": true,
      "plot": true
    },
    "rotation": {
      "theta_deg": 35.0
    }
  },
  "runtime_s": 0.8033447000016167,
  "seed_runs": [
    {
      "snr_db": 0.0,
      "ber": 0.33383353341336536,
      "ser": 0.5424169667867147,
      "bit_errors": 3337,
      "total_bits": 9996,
      "symbol_errors": 2711,
      "total_symbols": 4998,
      "seed": 42,
      "scheme": "scirs_3x1"
    },
    {
      "snr_db": 0.0,
      "ber": 0.34193677470988393,
      "ser": 0.5536214485794317,
      "bit_errors": 3418,
      "total_bits": 9996,
      "symbol_errors": 2767,
      "total_symbols": 4998,
      "seed": 43,
      "scheme": "scirs_3x1"
    },
    {
      "snr_db": 0.0,
      "ber": 0.3353341336534614,
      "ser": 0.5366146458583433,
      "bit_errors": 3352,
      "total_bits": 9996,
      "symbol_errors": 2682,
      "total_symbols": 4998,
      "seed": 44,
      "scheme": "scirs_3x1"
    },
    {
      "snr_db": 2.0,
      "ber": 0.3160264105642257,
      "ser": 0.513405362144858,
      "bit_errors": 3159,
      "total_bits": 9996,
      "symbol_errors": 2566,
      "total_symbols": 4998,
      "seed": 42,
      "scheme": "scirs_3x1"
    },
    {
      "snr_db": 2.0,
      "ber": 0.32112845138055224,
      "ser": 0.5240096038415366,
      "bit_errors": 3210,
      "total_bits": 9996,
      "symbol_errors": 2619,
      "total_symbols": 4998,
      "seed": 43,
      "scheme": "scirs_3x1"
    },
    {
      "snr_db": 2.0,
      "ber": 0.31522609043617444,
      "ser": 0.5108043217286915,
      "bit_errors": 3151,
      "total_bits": 9996,
      "symbol_errors": 2553,
      "total_symbols": 4998,
      "seed": 44,
      "scheme": "scirs_3x1"
    },
    {
      "snr_db": 4.0,
      "ber": 0.29601840736294516,
      "ser": 0.4781912765106042,
      "bit_errors": 2959,
      "total_bits": 9996,
      "symbol_errors": 2390,
      "total_symbols": 4998,
      "seed": 42,
      "scheme": "scirs_3x1"
    },
    {
      "snr_db": 4.0,
      "ber": 0.2984193677470988,
      "ser": 0.48659463785514206,
      "bit_errors": 2983,
      "total_bits": 9996,
      "symbol_errors": 2432,
      "total_symbols": 4998,
      "seed": 43,
      "scheme": "scirs_3x1"
    },
    {
      "snr_db": 4.0,
      "ber": 0.2927170868347339,
      "ser": 0.476390556222489,
      "bit_errors": 2926,
      "total_bits": 9996,
      "symbol_errors": 2381,
      "total_symbols": 4998,
      "seed": 44,
      "scheme": "scirs_3x1"
    },
    {
      "snr_db": 6.0,
      "ber": 0.2621048419367747,
      "ser": 0.42857142857142855,
      "bit_errors": 2620,
      "total_bits": 9996,
      "symbol_errors": 2142,
      "total_symbols": 4998,
      "seed": 42,
      "scheme": "scirs_3x1"
    },
    {
      "snr_db": 6.0,
      "ber": 0.2693077230892357,
      "ser": 0.438375350140056,
      "bit_errors": 2692,
      "total_bits": 9996,
      "symbol_errors": 2191,
      "total_symbols": 4998,
      "seed": 43,
      "scheme": "scirs_3x1"
    },
    {
      "snr_db": 6.0,
      "ber": 0.25970388155262103,
      "ser": 0.4255702280912365,
      "bit_errors": 2596,
      "total_bits": 9996,
      "symbol_errors": 2127,
      "total_symbols": 4998,
      "seed": 44,
      "scheme": "scirs_3x1"
    },
    {
      "snr_db": 8.0,
      "ber": 0.2229891956782713,
      "ser": 0.36654661864745897,
      "bit_errors": 2229,
      "total_bits": 9996,
      "symbol_errors": 1832,
      "total_symbols": 4998,
      "seed": 42,
      "scheme": "scirs_3x1"
    },
    {
      "snr_db": 8.0,
      "ber": 0.23299319727891157,
      "ser": 0.3783513405362145,
      "bit_errors": 2329,
      "total_bits": 9996,
      "symbol_errors": 1891,
      "total_symbols": 4998,
      "seed": 43,
      "scheme": "scirs_3x1"
    },
    {
      "snr_db": 8.0,
      "ber": 0.22809123649459784,
      "ser": 0.368547418967587,
      "bit_errors": 2280,
      "total_bits": 9996,
      "symbol_errors": 1842,
      "total_symbols": 4998,
      "seed": 44,
      "scheme": "scirs_3x1"
    },
    {
      "snr_db": 10.0,
      "ber": 0.18607442977190877,
      "ser": 0.3055222088835534,
      "bit_errors": 1860,
      "total_bits": 9996,
      "symbol_errors": 1527,
      "total_symbols": 4998,
      "seed": 42,
      "scheme": "scirs_3x1"
    },
    {
      "snr_db": 10.0,
      "ber": 0.19827931172468988,
      "ser": 0.32152861144457784,
      "bit_errors": 1982,
      "total_bits": 9996,
      "symbol_errors": 1607,
      "total_symbols": 4998,
      "seed": 43,
      "scheme": "scirs_3x1"
    },
    {
      "snr_db": 10.0,
      "ber": 0.18577430972388956,
      "ser": 0.2995198079231693,
      "bit_errors": 1857,
      "total_bits": 9996,
      "symbol_errors": 1497,
      "total_symbols": 4998,
      "seed": 44,
      "scheme": "scirs_3x1"
    },
    {
      "snr_db": 12.0,
      "ber": 0.15806322529011604,
      "ser": 0.25690276110444177,
      "bit_errors": 1580,
      "total_bits": 9996,
      "symbol_errors": 1284,
      "total_symbols": 4998,
      "seed": 42,
      "scheme": "scirs_3x1"
    },
    {
      "snr_db": 12.0,
      "ber": 0.16106442577030813,
      "ser": 0.2613045218087235,
      "bit_errors": 1610,
      "total_bits": 9996,
      "symbol_errors": 1306,
      "total_symbols": 4998,
      "seed": 43,
      "scheme": "scirs_3x1"
    },
    {
      "snr_db": 12.0,
      "ber": 0.15736294517807123,
      "ser": 0.25170068027210885,
      "bit_errors": 1573,
      "total_bits": 9996,
      "symbol_errors": 1258,
      "total_symbols": 4998,
      "seed": 44,
      "scheme": "scirs_3x1"
    },
    {
      "snr_db": 14.0,
      "ber": 0.11844737895158063,
      "ser": 0.19387755102040816,
      "bit_errors": 1184,
      "total_bits": 9996,
      "symbol_errors": 969,
      "total_symbols": 4998,
      "seed": 42,
      "scheme": "scirs_3x1"
    },
    {
      "snr_db": 14.0,
      "ber": 0.12565026010404162,
      "ser": 0.20468187274909963,
      "bit_errors": 1256,
      "total_bits": 9996,