{
  "snr_db": [
    0.0,
    2.0,
    4.0,
    6.0,
    8.0,
    10.0,
    12.0,
    14.0,
    16.0,
    18.0,
    20.0,
    22.0,
    24.0,
    26.0,
    28.0,
    30.0
  ],
  "ber": [
    0.3170601573962919,
    0.29855275443510737,
    0.28331332533013204,
    0.2734093637454982,
    0.266139789249033,
    0.26040416166466585,
    0.2566693344004269,
    0.25396825396825395,
    0.2526343870881686,
    0.2511337868480726,
    0.2496331866079765,
    0.24806589302387624,
    0.24676537281579294,
    0.24533146591970123,
    0.24369747899159663,
    0.241796718687475
  ],
  "ser": [
    0.8930905695611578,
    0.9044951313858878,
    0.9129651860744298,
    0.9202347605708949,
    0.9232359610510871,
    0.926170468187275,
    0.9288382019474457,
    0.9307723089235695,
    0.9320394824596505,
    0.9318394024276376,
    0.9323729491796718,
    0.9323062558356675,
    0.9322395624916634,
    0.9318394024276376,
    0.9305055355475522,
    0.9286381219154328
  ],
  "ber_ci95": [
    0.006914217182599365,
    0.005887071455385672,
    0.003375359825797481,
    0.003558341853285274,
    0.003936789633039363,
    0.0035093839891918396,
    0.003974049702891547,
    0.0031420170828031137,
    0.0023862923220298897,
    0.0028913720732803676,
    0.0026940475615065216,
    0.0039041005289066756,
    0.002930991807160603,
    0.003082307483020036,
    0.0024516338998053664,
    0.0027890965089348903
  ],
  "scheme": "scirs_3x1",
  "config": {
    "seed": 42,
    "modulation": "qpsk",
    "scheme": "scirs_3x1",
    "n_tx": 3,
    "n_rx": 1,
    "snr_db": {
      "start": 0,
      "stop": 30,
      "step": 2
    },
    "n_symbols": 100000,
    "max_errors": 200,
    "batch_size": 5000,
    "seeds": [
      42,
      43,
      44
    ],
    "parallel": {
      "enabled": false,
      "workers": 4
    },
    "channel": {
      "type": "correlated",
      "correlation_rho": 0.5
    },
    "receiver": {
      "detector": "ml"
    },
    "output": {
      "save_raw_json": true,
      "save_csv": true,
      "save_numpy": true,
      "plot": true
    },
    "rotation": {
      "theta_deg": 35.0
    }
  },
  "runtime_s": 1.415397099999609,
  "seed_runs": [
    {
      "snr_db": 0.0,
      "ber": 0.31052420968387356,
      "ser": 0.8967587034813925,
      "bit_errors": 3104,
      "total_bits": 9996,
      "symbol_errors": 4482,
      "total_symbols": 4998,
      "seed": 42,
      "scheme": "scirs_3x1"
    },
    {
      "snr_db": 0.0,
      "ber": 0.32262905162064826,
      "ser": 0.8943577430972389,
      "bit_errors": 3225,
      "total_bits": 9996,
      "symbol_errors": 4470,
      "total_symbols": 4998,
      "seed": 43,
      "scheme": "scirs_3x1"
    },
    {
      "snr_db": 0.0,
      "ber": 0.31802721088435376,
      "ser": 0.888155262104842,
      "bit_errors": 3179,
      "total_bits": 9996,
      "symbol_errors": 4439,
      "total_symbols": 4998,
      "seed": 44,
      "scheme": "scirs_3x1"
    },
    {
      "snr_db": 2.0,
      "ber": 0.2938175270108043,
      "ser": 0.9067627050820328,
      "bit_errors": 2937,
      "total_bits": 9996,
      "symbol_errors": 4532,
      "total_symbols": 4998,
      "seed": 42,
      "scheme": "scirs_3x1"
    },
    {
      "snr_db": 2.0,
      "ber": 0.3041216486594638,
      "ser": 0.9067627050820328,
      "bit_errors": 3040,
      "total_bits": 9996,
      "symbol_errors": 4532,
      "total_symbols": 4998,
      "seed": 43,
      "scheme": "scirs_3x1"
    },
    {
      "snr_db": 2.0,
      "ber": 0.297719087635054,
      "ser": 0.8999599839935974,
      "bit_errors": 2976,
      "total_bits": 9996,
      "symbol_errors": 4498,
      "total_symbols": 4998,
      "seed": 44,
      "scheme": "scirs_3x1"
    },
    {
      "snr_db": 4.0,
      "ber": 0.2800120048019208,
      "ser": 0.9129651860744298,
      "bit_errors": 2799,
      "total_bits": 9996,
      "symbol_errors": 4563,
      "total_symbols": 4998,
      "seed": 42,
      "scheme": "scirs_3x1"
    },
    {
      "snr_db": 4.0,
      "ber": 0.28581432573029214,
      "ser": 0.916766706682673,
      "bit_errors": 2857,
      "total_bits": 9996,
      "symbol_errors": 4582,
      "total_symbols": 4998,
      "seed": 43,
      "scheme": "scirs_3x1"
    },
    {
      "snr_db": 4.0,
      "ber": 0.2841136454581833,
      "ser": 0.9091636654661864,
      "bit_errors": 2840,
      "total_bits": 9996,
      "symbol_errors": 4544,
      "total_symbols": 4998,
      "seed": 44,
      "scheme": "scirs_3x1"
    },
    {
      "snr_db": 6.0,
      "ber": 0.2698079231692677,
      "ser": 0.9183673469387755,
      "bit_errors": 2697,
      "total_bits": 9996,
      "symbol_errors": 4590,
      "total_symbols": 4998,
      "seed": 42,
      "scheme": "scirs_3x1"
    },
    {
      "snr_db": 6.0,
      "ber": 0.2748099239695878,
      "ser": 0.9221688675470188,
      "bit_errors": 2747,
      "total_bits": 9996,
      "symbol_errors": 4609,
      "total_symbols": 4998,
      "seed": 43,
      "scheme": "scirs_3x1"
    },
    {
      "snr_db": 6.0,
      "ber": 0.27561024409763907,
      "ser": 0.9201680672268907,
      "bit_errors": 2755,
      "total_bits": 9996,
      "symbol_errors": 4599,
      "total_symbols": 4998,
      "seed": 44,
      "scheme": "scirs_3x1"
    },
    {
      "snr_db": 8.0,
      "ber": 0.26220488195278113,
      "ser": 0.9199679871948779,
      "bit_errors": 2621,
      "total_bits": 9996,
      "symbol_errors": 4598,
      "total_symbols": 4998,
      "seed": 42,
      "scheme": "scirs_3x1"
    },
    {
      "snr_db": 8.0,
      "ber": 0.2688075230092037,
      "ser": 0.9257703081232493,
      "bit_errors": 2687,
      "total_bits": 9996,
      "symbol_errors": 4627,
      "total_symbols": 4998,
      "seed": 43,
      "scheme": "scirs_3x1"
    },
    {
      "snr_db": 8.0,
      "ber": 0.26740696278511406,
      "ser": 0.923969587835134,
      "bit_errors": 2673,
      "total_bits": 9996,
      "symbol_errors": 4618,
      "total_symbols": 4998,
      "seed": 44,
      "scheme": "scirs_3x1"
    },
    {
      "snr_db": 10.0,
      "ber": 0.25730292116846737,
      "ser": 0.9237695078031213,
      "bit_errors": 2572,
      "total_bits": 9996,
      "symbol_errors": 4617,
      "total_symbols": 4998,
      "seed": 42,
      "scheme": "scirs_3x1"
    },
    {
      "snr_db": 10.0,
      "ber": 0.2635054021608643,
      "ser": 0.9273709483793517,
      "bit_errors": 2634,
      "total_bits": 9996,
      "symbol_errors": 4635,
      "total_symbols": 4998,
      "seed": 43,
      "scheme": "scirs_3x1"
    },
    {
      "snr_db": 10.0,
      "ber": 0.26040416166466585,
      "ser": 0.9273709483793517,
      "bit_errors": 2603,
      "total_bits": 9996,
      "symbol_errors": 4635,
      "total_symbols": 4998,
      "seed": 44,
      "scheme": "scirs_3x1"
    },
    {
      "snr_db": 12.0,
      "ber": 0.25500200080032015,
      "ser": 0.9265706282513005,
      "bit_errors": 2549,
      "total_bits": 9996,
      "symbol_errors": 4631,
      "total_symbols": 4998,
      "seed": 42,
      "scheme": "scirs_3x1"
    },
    {
      "snr_db": 12.0,
      "ber": 0.26070428171268506,
      "ser": 0.930172068827531,
      "bit_errors": 2606,
      "total_bits": 9996,
      "symbol_errors": 4649,
      "total_symbols": 4998,
      "seed": 43,
      "scheme": "scirs_3x1"
    },
    {
      "snr_db": 12.0,
      "ber": 0.25430172068827533,
      "ser": 0.9297719087635054,
      "bit_errors": 2542,
      "total_bits": 9996,
      "symbol_errors": 4647,
      "total_symbols": 4998,
      "seed": 44,
      "scheme": "scirs_3x1"
    },
    {
      "snr_db": 14.0,
      "ber": 0.25100040016006403,
      "ser": 0.9299719887955182,
      "bit_errors": 2509,
      "total_bits": 9996,
      "symbol_errors": 4648,
      "total_symbols": 4998,
      "seed": 42,
      "scheme": "scirs_3x1"
    },
    {
      "snr_db": 14.0,
      "ber": 0.25650260104041617,
      "ser": 0.9309723889555822,
      "bit_errors": 2564,
      "total_bits": 9996,