{
  "snr_db": [
    0.0,
    2.0,
    4.0,
    6.0,
    8.0,
    10.0,
    12.0,
    14.0,
    16.0,
    18.0,
    20.0,
    22.0,
    24.0,
    26.0,
    28.0,
    30.0
  ],
  "ber": [
    0.32216666666666666,
    0.3025,
    0.2890333333333333,
    0.2764,
    0.2702,
    0.26496666666666663,
    0.2618666666666667,
    0.2597333333333333,
    0.2585,
    0.2579666666666667,
    0.2578333333333333,
    0.25689999999999996,
    0.256,
    0.2544333333333333,
    0.2527,
    0.2501333333333334
  ],
  "ser": [
    0.8876666666666667,
    0.9001333333333333,
    0.9087333333333333,
    0.9179333333333334,
    0.9229333333333334,
    0.9255333333333334,
    0.9282,
    0.9288,
    0.9286,
    0.9280666666666666,
    0.9276666666666666,
    0.9277333333333333,
    0.9266666666666666,
    0.9254666666666665,
    0.9244,
    0.9219333333333334
  ],
  "ber_ci95": [
    0.0020567032951897663,
    0.0007420440238512162,
    0.0016489387833122074,
    0.0014178989150617678,
    0.0010371345139373288,
    0.0014058057397015604,
    0.001717409418604405,
    0.001561179610992201,
    0.002376373707984512,
    0.0014328718636981473,
    0.002934186845523707,
    0.00391509693366588,
    0.00505563500792268,
    0.004839961065040833,
    0.004729790411142269,
    0.005133969657530581
  ],
  "scheme": "scirs_2x1",
  "config": {
    "seed": 42,
    "modulation": "qpsk",
    "scheme": "scirs_2x1",
    "n_tx": 2,
    "n_rx": 1,
    "snr_db": {
      "start": 0,
      "stop": 30,
      "step": 2
    },
    "n_symbols": 100000,
    "max_errors": 200,
    "batch_size": 5000,
    "seeds": [
      42,
      43,
      44
    ],
    "parallel": {
      "enabled": false,
      "workers": 4
    },
    "channel": {
      "type": "rayleigh",
      "correlation_rho": 0.0
    },
    "receiver": {
      "detector": "ml"
    },
    "output": {
      "save_raw_json": true,
      "save_csv": true,
      "save_numpy": true,
      "plot": true
    },
    "rotation": {
      "theta_deg": 31.7175
    }
  },
  "runtime_s": 0.33939570000075037,
  "seed_runs": [
    {
      "snr_db": 0.0,
      "ber": 0.3207,
      "ser": 0.8894,
      "bit_errors": 3207,
      "total_bits": 10000,
      "symbol_errors": 4447,
      "total_symbols": 5000,
      "seed": 42,
      "scheme": "scirs_2x1"
    },
    {
      "snr_db": 0.0,
      "ber": 0.3242,
      "ser": 0.889,
      "bit_errors": 3242,
      "total_bits": 10000,
      "symbol_errors": 4445,
      "total_symbols": 5000,
      "seed": 43,
      "scheme": "scirs_2x1"
    },
    {
      "snr_db": 0.0,
      "ber": 0.3216,
      "ser": 0.8846,
      "bit_errors": 3216,
      "total_bits": 10000,
      "symbol_errors": 4423,
      "total_symbols": 5000,
      "seed": 44,
      "scheme": "scirs_2x1"
    },
    {
      "snr_db": 2.0,
      "ber": 0.3031,
      "ser": 0.9032,
      "bit_errors": 3031,
      "total_bits": 10000,
      "symbol_errors": 4516,
      "total_symbols": 5000,
      "seed": 42,
      "scheme": "scirs_2x1"
    },
    {
      "snr_db": 2.0,
      "ber": 0.3026,
      "ser": 0.9014,
      "bit_errors": 3026,
      "total_bits": 10000,
      "symbol_errors": 4507,
      "total_symbols": 5000,
      "seed": 43,
      "scheme": "scirs_2x1"
    },
    {
      "snr_db": 2.0,
      "ber": 0.3018,
      "ser": 0.8958,
      "bit_errors": 3018,
      "total_bits": 10000,
      "symbol_errors": 4479,
      "total_symbols": 5000,
      "seed": 44,
      "scheme": "scirs_2x1"
    },
    {
      "snr_db": 4.0,
      "ber": 0.2892,
      "ser": 0.9116,
      "bit_errors": 2892,
      "total_bits": 10000,
      "symbol_errors": 4558,
      "total_symbols": 5000,
      "seed": 42,
      "scheme": "scirs_2x1"
    },
    {
      "snr_db": 4.0,
      "ber": 0.2904,
      "ser": 0.9108,
      "bit_errors": 2904,
      "total_bits": 10000,
      "symbol_errors": 4554,
      "total_symbols": 5000,
      "seed": 43,
      "scheme": "scirs_2x1"
    },
    {
      "snr_db": 4.0,
      "ber": 0.2875,
      "ser": 0.9038,
      "bit_errors": 2875,
      "total_bits": 10000,
      "symbol_errors": 4519,
      "total_symbols": 5000,
      "seed": 44,
      "scheme": "scirs_2x1"
    },
    {
      "snr_db": 6.0,
      "ber": 0.2777,
      "ser": 0.9194,
      "bit_errors": 2777,
      "total_bits": 10000,
      "symbol_errors": 4597,
      "total_symbols": 5000,
      "seed": 42,
      "scheme": "scirs_2x1"
    },
    {
      "snr_db": 6.0,
      "ber": 0.2752,
      "ser": 0.9204,
      "bit_errors": 2752,
      "total_bits": 10000,
      "symbol_errors": 4602,
      "total_symbols": 5000,
      "seed": 43,
      "scheme": "scirs_2x1"
    },
    {
      "snr_db": 6.0,
      "ber": 0.2763,
      "ser": 0.914,
      "bit_errors": 2763,
      "total_bits": 10000,
      "symbol_errors": 4570,
      "total_symbols": 5000,
      "seed": 44,
      "scheme": "scirs_2x1"
    },
    {
      "snr_db": 8.0,
      "ber": 0.2692,
      "ser": 0.924,
      "bit_errors": 2692,
      "total_bits": 10000,
      "symbol_errors": 4620,
      "total_symbols": 5000,
      "seed": 42,
      "scheme": "scirs_2x1"
    },
    {
      "snr_db": 8.0,
      "ber": 0.271,
      "ser": 0.9254,
      "bit_errors": 2710,
      "total_bits": 10000,
      "symbol_errors": 4627,
      "total_symbols": 5000,
      "seed": 43,
      "scheme": "scirs_2x1"
    },
    {
      "snr_db": 8.0,
      "ber": 0.2704,
      "ser": 0.9194,
      "bit_errors": 2704,
      "total_bits": 10000,
      "symbol_errors": 4597,
      "total_symbols": 5000,
      "seed": 44,
      "scheme": "scirs_2x1"
    },
    {
      "snr_db": 10.0,
      "ber": 0.2643,
      "ser": 0.9254,
      "bit_errors": 2643,
      "total_bits": 10000,
      "symbol_errors": 4627,
      "total_symbols": 5000,
      "seed": 42,
      "scheme": "scirs_2x1"
    },
    {
      "snr_db": 10.0,
      "ber": 0.2664,
      "ser": 0.929,
      "bit_errors": 2664,
      "total_bits": 10000,
      "symbol_errors": 4645,
      "total_symbols": 5000,
      "seed": 43,
      "scheme": "scirs_2x1"
    },
    {
      "snr_db": 10.0,
      "ber": 0.2642,
      "ser": 0.9222,
      "bit_errors": 2642,
      "total_bits": 10000,
      "symbol_errors": 4611,
      "total_symbols": 5000,
      "seed": 44,
      "scheme": "scirs_2x1"
    },
    {
      "snr_db": 12.0,
      "ber": 0.2605,
      "ser": 0.928,
      "bit_errors": 2605,
      "total_bits": 10000,
      "symbol_errors": 4640,
      "total_symbols": 5000,
      "seed": 42,
      "scheme": "scirs_2x1"
    },
    {
      "snr_db": 12.0,
      "ber": 0.2635,
      "ser": 0.932,
      "bit_errors": 2635,
      "total_bits": 10000,
      "symbol_errors": 4660,
      "total_symbols": 5000,
      "seed": 43,
      "scheme": "scirs_2x1"
    },
    {
      "snr_db": 12.0,
      "ber": 0.2616,
      "ser": 0.9246,
      "bit_errors": 2616,
      "total_bits": 10000,
      "symbol_errors": 4623,
      "total_symbols": 5000,
      "seed": 44,
      "scheme": "scirs_2x1"
    },
    {
      "snr_db": 14.0,
      "ber": 0.2587,
      "ser": 0.9286,
      "bit_errors": 2587,
      "total_bits": 10000,
      "symbol_errors": 4643,
      "total_symbols": 5000,
      "seed": 42,
      "scheme": "scirs_2x1"
    },
    {
      "snr_db": 14.0,
      "ber": 0.2613,
      "ser": 0.9318,
      "bit_errors": 2613,
      "total_bits": 10000,
      "symbol_errors": 4659,
      "total_symbols": 5000,
      "seed": 43,
      "scheme": "scirs_2x1"
    },
    {
      "snr_db": 14.0,
      "ber": 0.2592,
      "ser": 0.926,
      "bit_errors": 2592,
      "total_bits": 10000,
      "symbol_errors": 4630,
      "total_symbols": 5000,
      "seed": 44,
      "scheme": "scirs_2x1"
    },
    {
      "snr_db": 16.0,
      "ber": 0.2576,
      "ser": 0.9288,
      "bit_errors": 2576,
      "total_bits": 10000,
      "symbol_errors": 4644,
      "total_symbols": 5000,
      "seed": 42,
      "scheme": "scirs_2x1"
    },
    {
      "snr_db": 16.0,
      "ber": 0.2609,
      "ser": 0.9314,
      "bit_errors": 2609,