{
  "snr_db": [
    0.0,
    2.0,
    4.0,
    6.0,
    8.0,
    10.0,
    12.0,
    14.0,
    16.0,
    18.0,
    20.0,
    22.0,
    24.0,
    26.0,
    28.0,
    30.0
  ],
  "ber": [
    0.28099999999999997,
    0.24823333333333333,
    0.21346666666666667,
    0.17389999999999997,
    0.13626666666666667,
    0.10173333333333334,
    0.0745,
    0.05000000000000001,
    0.03556666666666666,
    0.024033333333333334,
    0.01455,
    0.010061111111111111,
    0.005933333333333333,
    0.0036999999999999997,
    0.0023844444444444447,
    0.001557875457875458
  ],
  "ser": [
    0.46553333333333335,
    0.41473333333333334,
    0.35746666666666665,
    0.29133333333333333,
    0.2283333333333333,
    0.17053333333333334,
    0.12379999999999998,
    0.08306666666666666,
    0.05833333333333333,
    0.03963333333333333,
    0.024433333333333335,
    0.017055555555555556,
    0.009899999999999999,
    0.006177777777777778,
    0.004011111111111111,
    0.0026490842490842492
  ],
  "ber_ci95": [
    0.0047419579641044375,
    0.006225207395027989,
    0.004914786578388847,
    0.006202194880309186,
    0.0029385477894890706,
    0.004918693232059821,
    0.00367902668287868,
    0.004509420066187373,
    0.004802777714799824,
    0.003994961048342997,
    0.002192076945121529,
    0.0011341706928385284,
    0.00045820749787744763,
    0.00021750538520365988,
    7.697553670503893e-05,
    0.0001424164887882158
  ],
  "scheme": "scirs_2x1",
  "config": {
    "seed": 42,
    "modulation": "qpsk",
    "scheme": "scirs_2x1",
    "n_tx": 1,
    "n_rx": 1,
    "snr_db": {
      "start": 0,
      "stop": 30,
      "step": 2
    },
    "n_symbols": 100000,
    "max_errors": 200,
    "batch_size": 5000,
    "seeds": [
      42,
      43,
      44
    ],
    "parallel": {
      "enabled": false,
      "workers": 4
    },
    "channel": {
      "type": "rayleigh",
      "correlation_rho": 0.0
    },
    "receiver": {
      "detector": "ml"
    },
    "output": {
      "save_raw_json": true,
      "save_csv": true,
      "save_numpy": true,
      "plot": true
    },
    "rotation": {
      "theta_deg": 31.7175
    }
  },
  "runtime_s": 0.7896080999998958,
  "seed_runs": [
    {
      "snr_db": 0.0,
      "ber": 0.2764,
      "ser": 0.4598,
      "bit_errors": 2764,
      "total_bits": 10000,
      "symbol_errors": 2299,
      "total_symbols": 5000,
      "seed": 42,
      "scheme": "scirs_2x1"
    },
    {
      "snr_db": 0.0,
      "ber": 0.2846,
      "ser": 0.4694,
      "bit_errors": 2846,
      "total_bits": 10000,
      "symbol_errors": 2347,
      "total_symbols": 5000,
      "seed": 43,
      "scheme": "scirs_2x1"
    },
    {
      "snr_db": 0.0,
      "ber": 0.282,
      "ser": 0.4674,
      "bit_errors": 2820,
      "total_bits": 10000,
      "symbol_errors": 2337,
      "total_symbols": 5000,
      "seed": 44,
      "scheme": "scirs_2x1"
    },
    {
      "snr_db": 2.0,
      "ber": 0.2442,
      "ser": 0.4108,
      "bit_errors": 2442,
      "total_bits": 10000,
      "symbol_errors": 2054,
      "total_symbols": 5000,
      "seed": 42,
      "scheme": "scirs_2x1"
    },
    {
      "snr_db": 2.0,
      "ber": 0.2545,
      "ser": 0.423,
      "bit_errors": 2545,
      "total_bits": 10000,
      "symbol_errors": 2115,
      "total_symbols": 5000,
      "seed": 43,
      "scheme": "scirs_2x1"
    },
    {
      "snr_db": 2.0,
      "ber": 0.246,
      "ser": 0.4104,
      "bit_errors": 2460,
      "total_bits": 10000,
      "symbol_errors": 2052,
      "total_symbols": 5000,
      "seed": 44,
      "scheme": "scirs_2x1"
    },
    {
      "snr_db": 4.0,
      "ber": 0.2087,
      "ser": 0.3516,
      "bit_errors": 2087,
      "total_bits": 10000,
      "symbol_errors": 1758,
      "total_symbols": 5000,
      "seed": 42,
      "scheme": "scirs_2x1"
    },
    {
      "snr_db": 4.0,
      "ber": 0.2172,
      "ser": 0.3636,
      "bit_errors": 2172,
      "total_bits": 10000,
      "symbol_errors": 1818,
      "total_symbols": 5000,
      "seed": 43,
      "scheme": "scirs_2x1"
    },
    {
      "snr_db": 4.0,
      "ber": 0.2145,
      "ser": 0.3572,
      "bit_errors": 2145,
      "total_bits": 10000,
      "symbol_errors": 1786,
      "total_symbols": 5000,
      "seed": 44,
      "scheme": "scirs_2x1"
    },
    {
      "snr_db": 6.0,
      "ber": 0.1719,
      "ser": 0.2882,
      "bit_errors": 1719,
      "total_bits": 10000,
      "symbol_errors": 1441,
      "total_symbols": 5000,
      "seed": 42,
      "scheme": "scirs_2x1"
    },
    {
      "snr_db": 6.0,
      "ber": 0.1801,
      "ser": 0.3016,
      "bit_errors": 1801,
      "total_bits": 10000,
      "symbol_errors": 1508,
      "total_symbols": 5000,
      "seed": 43,
      "scheme": "scirs_2x1"
    },
    {
      "snr_db": 6.0,
      "ber": 0.1697,
      "ser": 0.2842,
      "bit_errors": 1697,
      "total_bits": 10000,
      "symbol_errors": 1421,
      "total_symbols": 5000,
      "seed": 44,
      "scheme": "scirs_2x1"
    },
    {
      "snr_db": 8.0,
      "ber": 0.134,
      "ser": 0.2246,
      "bit_errors": 1340,
      "total_bits": 10000,
      "symbol_errors": 1123,
      "total_symbols": 5000,
      "seed": 42,
      "scheme": "scirs_2x1"
    },
    {
      "snr_db": 8.0,
      "ber": 0.1391,
      "ser": 0.2322,
      "bit_errors": 1391,
      "total_bits": 10000,
      "symbol_errors": 1161,
      "total_symbols": 5000,
      "seed": 43,
      "scheme": "scirs_2x1"
    },
    {
      "snr_db": 8.0,
      "ber": 0.1357,
      "ser": 0.2282,
      "bit_errors": 1357,
      "total_bits": 10000,
      "symbol_errors": 1141,
      "total_symbols": 5000,
      "seed": 44,
      "scheme": "scirs_2x1"
    },
    {
      "snr_db": 10.0,
      "ber": 0.101,
      "ser": 0.1696,
      "bit_errors": 1010,
      "total_bits": 10000,
      "symbol_errors": 848,
      "total_symbols": 5000,
      "seed": 42,
      "scheme": "scirs_2x1"
    },
    {
      "snr_db": 10.0,
      "ber": 0.1064,
      "ser": 0.1772,
      "bit_errors": 1064,
      "total_bits": 10000,
      "symbol_errors": 886,
      "total_symbols": 5000,
      "seed": 43,
      "scheme": "scirs_2x1"
    },
    {
      "snr_db": 10.0,
      "ber": 0.0978,
      "ser": 0.1648,
      "bit_errors": 978,
      "total_bits": 10000,
      "symbol_errors": 824,
      "total_symbols": 5000,
      "seed": 44,
      "scheme": "scirs_2x1"
    },
    {
      "snr_db": 12.0,
      "ber": 0.0744,
      "ser": 0.1238,
      "bit_errors": 744,
      "total_bits": 10000,
      "symbol_errors": 619,
      "total_symbols": 5000,
      "seed": 42,
      "scheme": "scirs_2x1"
    },
    {
      "snr_db": 12.0,
      "ber": 0.0778,
      "ser": 0.1286,
      "bit_errors": 778,
      "total_bits": 10000,
      "symbol_errors": 643,
      "total_symbols": 5000,
      "seed": 43,
      "scheme": "scirs_2x1"
    },
    {
      "snr_db": 12.0,
      "ber": 0.0713,
      "ser": 0.119,
      "bit_errors": 713,
      "total_bits": 10000,
      "symbol_errors": 595,
      "total_symbols": 5000,
      "seed": 44,
      "scheme": "scirs_2x1"
    },
    {
      "snr_db": 14.0,
      "ber": 0.0478,
      "ser": 0.0792,
      "bit_errors": 478,
      "total_bits": 10000,
      "symbol_errors": 396,
      "total_symbols": 5000,
      "seed": 42,
      "scheme": "scirs_2x1"
    },
    {
      "snr_db": 14.0,
      "ber": 0.0546,
      "ser": 0.0896,
      "bit_errors": 546,
      "total_bits": 10000,
      "symbol_errors": 448,
      "total_symbols": 5000,
      "seed": 43,
      "scheme": "scirs_2x1"
    },
    {
      "snr_db": 14.0,
      "ber": 0.0476,
      "ser": 0.0804,
      "bit_errors": 476,
      "total_bits": 10000,
      "symbol_errors": 402,
      "total_symbols": 5000,
      "seed": 44,
      "scheme": "scirs_2x1"
    },
    {
      "snr_db": 16.0,
      "ber": 0.0343,
      "ser": 0.0574,
      "bit_errors": 343,
      "total_bits": 10000,
      "symbol_errors": 287,
      "total_symbols": 5000,
      "seed": 42,