{
  "snr_db": [
    0.0,
    2.0,
    4.0,
    6.0,
    8.0,
    10.0,
    12.0,
    14.0,
    16.0,
    18.0,
    20.0,
    22.0,
    24.0,
    26.0,
    28.0,
    30.0
  ],
  "ber": [
    0.1548,
    0.11416666666666668,
    0.08253333333333333,
    0.056566666666666675,
    0.038,
    0.0244,
    0.015883333333333333,
    0.009883333333333333,
    0.006058333333333332,
    0.0039922222222222225,
    0.0026992724867724873,
    0.0016886752136752135,
    0.0011026831785345716,
    0.00071,
    0.00045000000000000004,
    0.00029833333333333334
  ],
  "ser": [
    0.2717333333333334,
    0.20199999999999999,
    0.14793333333333333,
    0.10246666666666666,
    0.06860000000000001,
    0.044466666666666675,
    0.029166666666666664,
    0.018288888888888886,
    0.010966666666666666,
    0.007251111111111111,
    0.004838095238095238,
    0.003084615384615385,
    0.002036532507739938,
    0.0013033333333333334,
    0.0008233333333333334,
    0.0005433333333333333
  ],
  "ber_ci95": [
    0.0018105704441786711,
    0.002142096584605322,
    0.0009422507333212502,
    0.0008493333333333302,
    0.0013905413813811258,
    0.0012601036994364133,
    0.0006102636952808009,
    0.0006844426767653941,
    0.00043306440372971983,
    0.0002886110219227751,
    0.0003908991959737118,
    8.595270620519123e-05,
    7.382868937048498e-05,
    3.710220119256177e-05,
    5.961107279692256e-05,
    3.1162013912953544e-05
  ],
  "scheme": "mrc_3x1",
  "config": {
    "seed": 42,
    "modulation": "qpsk",
    "scheme": "mrc_3x1",
    "n_tx": 1,
    "n_rx": 1,
    "snr_db": {
      "start": 0,
      "stop": 30,
      "step": 2
    },
    "n_symbols": 100000,
    "max_errors": 200,
    "batch_size": 5000,
    "seeds": [
      42,
      43,
      44
    ],
    "parallel": {
      "enabled": false,
      "workers": 4
    },
    "channel": {
      "type": "correlated",
      "correlation_rho": 0.5
    },
    "receiver": {
      "detector": "ml"
    },
    "output": {
      "save_raw_json": true,
      "save_csv": true,
      "save_numpy": true,
      "plot": true
    }
  },
  "runtime_s": 1.2783746000004612,
  "seed_runs": [
    {
      "snr_db": 0.0,
      "ber": 0.1532,
      "ser": 0.2696,
      "bit_errors": 1532,
      "total_bits": 10000,
      "symbol_errors": 1348,
      "total_symbols": 5000,
      "seed": 42,
      "scheme": "mrc_3x1"
    },
    {
      "snr_db": 0.0,
      "ber": 0.1564,
      "ser": 0.274,
      "bit_errors": 1564,
      "total_bits": 10000,
      "symbol_errors": 1370,
      "total_symbols": 5000,
      "seed": 43,
      "scheme": "mrc_3x1"
    },
    {
      "snr_db": 0.0,
      "ber": 0.1548,
      "ser": 0.2716,
      "bit_errors": 1548,
      "total_bits": 10000,
      "symbol_errors": 1358,
      "total_symbols": 5000,
      "seed": 44,
      "scheme": "mrc_3x1"
    },
    {
      "snr_db": 2.0,
      "ber": 0.112,
      "ser": 0.198,
      "bit_errors": 1120,
      "total_bits": 10000,
      "symbol_errors": 990,
      "total_symbols": 5000,
      "seed": 42,
      "scheme": "mrc_3x1"
    },
    {
      "snr_db": 2.0,
      "ber": 0.1155,
      "ser": 0.2062,
      "bit_errors": 1155,
      "total_bits": 10000,
      "symbol_errors": 1031,
      "total_symbols": 5000,
      "seed": 43,
      "scheme": "mrc_3x1"
    },
    {
      "snr_db": 2.0,
      "ber": 0.115,
      "ser": 0.2018,
      "bit_errors": 1150,
      "total_bits": 10000,
      "symbol_errors": 1009,
      "total_symbols": 5000,
      "seed": 44,
      "scheme": "mrc_3x1"
    },
    {
      "snr_db": 4.0,
      "ber": 0.0816,
      "ser": 0.1472,
      "bit_errors": 816,
      "total_bits": 10000,
      "symbol_errors": 736,
      "total_symbols": 5000,
      "seed": 42,
      "scheme": "mrc_3x1"
    },
    {
      "snr_db": 4.0,
      "ber": 0.0828,
      "ser": 0.1492,
      "bit_errors": 828,
      "total_bits": 10000,
      "symbol_errors": 746,
      "total_symbols": 5000,
      "seed": 43,
      "scheme": "mrc_3x1"
    },
    {
      "snr_db": 4.0,
      "ber": 0.0832,
      "ser": 0.1474,
      "bit_errors": 832,
      "total_bits": 10000,
      "symbol_errors": 737,
      "total_symbols": 5000,
      "seed": 44,
      "scheme": "mrc_3x1"
    },
    {
      "snr_db": 6.0,
      "ber": 0.0566,
      "ser": 0.1032,
      "bit_errors": 566,
      "total_bits": 10000,
      "symbol_errors": 516,
      "total_symbols": 5000,
      "seed": 42,
      "scheme": "mrc_3x1"
    },
    {
      "snr_db": 6.0,
      "ber": 0.0573,
      "ser": 0.105,
      "bit_errors": 573,
      "total_bits": 10000,
      "symbol_errors": 525,
      "total_symbols": 5000,
      "seed": 43,
      "scheme": "mrc_3x1"
    },
    {
      "snr_db": 6.0,
      "ber": 0.0558,
      "ser": 0.0992,
      "bit_errors": 558,
      "total_bits": 10000,
      "symbol_errors": 496,
      "total_symbols": 5000,
      "seed": 44,
      "scheme": "mrc_3x1"
    },
    {
      "snr_db": 8.0,
      "ber": 0.0394,
      "ser": 0.0722,
      "bit_errors": 394,
      "total_bits": 10000,
      "symbol_errors": 361,
      "total_symbols": 5000,
      "seed": 42,
      "scheme": "mrc_3x1"
    },
    {
      "snr_db": 8.0,
      "ber": 0.0375,
      "ser": 0.0688,
      "bit_errors": 375,
      "total_bits": 10000,
      "symbol_errors": 344,
      "total_symbols": 5000,
      "seed": 43,
      "scheme": "mrc_3x1"
    },
    {
      "snr_db": 8.0,
      "ber": 0.0371,
      "ser": 0.0648,
      "bit_errors": 371,
      "total_bits": 10000,
      "symbol_errors": 324,
      "total_symbols": 5000,
      "seed": 44,
      "scheme": "mrc_3x1"
    },
    {
      "snr_db": 10.0,
      "ber": 0.0254,
      "ser": 0.046,
      "bit_errors": 254,
      "total_bits": 10000,
      "symbol_errors": 230,
      "total_symbols": 5000,
      "seed": 42,
      "scheme": "mrc_3x1"
    },
    {
      "snr_db": 10.0,
      "ber": 0.0246,
      "ser": 0.0466,
      "bit_errors": 246,
      "total_bits": 10000,
      "symbol_errors": 233,
      "total_symbols": 5000,
      "seed": 43,
      "scheme": "mrc_3x1"
    },
    {
      "snr_db": 10.0,
      "ber": 0.0232,
      "ser": 0.0408,
      "bit_errors": 232,
      "total_bits": 10000,
      "symbol_errors": 204,
      "total_symbols": 5000,
      "seed": 44,
      "scheme": "mrc_3x1"
    },
    {
      "snr_db": 12.0,
      "ber": 0.0165,
      "ser": 0.0306,
      "bit_errors": 330,
      "total_bits": 20000,
      "symbol_errors": 306,
      "total_symbols": 10000,
      "seed": 42,
      "scheme": "mrc_3x1"
    },
    {
      "snr_db": 12.0,
      "ber": 0.01565,
      "ser": 0.0291,
      "bit_errors": 313,
      "total_bits": 20000,
      "symbol_errors": 291,
      "total_symbols": 10000,
      "seed": 43,
      "scheme": "mrc_3x1"
    },
    {
      "snr_db": 12.0,
      "ber": 0.0155,
      "ser": 0.0278,
      "bit_errors": 310,
      "total_bits": 20000,
      "symbol_errors": 278,
      "total_symbols": 10000,
      "seed": 44,
      "scheme": "mrc_3x1"
    },
    {
      "snr_db": 14.0,
      "ber": 0.0101,
      "ser": 0.019,
      "bit_errors": 202,
      "total_bits": 20000,
      "symbol_errors": 190,
      "total_symbols": 10000,
      "seed": 42,
      "scheme": "mrc_3x1"
    },
    {
      "snr_db": 14.0,
      "ber": 0.01035,
      "ser": 0.0192,
      "bit_errors": 207,
      "total_bits": 20000,
      "symbol_errors": 192,
      "total_symbols": 10000,
      "seed": 43,
      "scheme": "mrc_3x1"
    },
    {
      "snr_db": 14.0,
      "ber": 0.0092,
      "ser": 0.016666666666666666,
      "bit_errors": 276,
      "total_bits": 30000,
      "symbol_errors": 250,
      "total_symbols": 15000,
      "seed": 44,
      "scheme": "mrc_3x1"
    },
    {
      "snr_db": 16.0,
      "ber": 0.0062,
      "ser": 0.0112,
      "bit_errors": 248,
      "total_bits": 40000,
      "symbol_errors": 224,
      "total_symbols": 20000,
      "seed": 42,
      "scheme": "mrc_3x1"
    },
    {
      "snr_db": 16.0,
      "ber": 0.00635,
      "ser": 0.01145,