{
  "snr_db": [
    0.0,
    2.0,
    4.0,
    6.0,
    8.0,
    10.0,
    12.0,
    14.0,
    16.0,
    18.0,
    20.0,
    22.0,
    24.0,
    26.0,
    28.0,
    30.0
  ],
  "ber": [
    0.3367013472055489,
    0.3205282112845138,
    0.29631852741096437,
    0.26670668267306924,
    0.23179271708683472,
    0.19367747098839536,
    0.15502867813792184,
    0.11844737895158063,
    0.08626784046952113,
    0.05995731625983727,
    0.03854875283446712,
    0.02547685740963052,
    0.016273175937041483,
    0.010971055088702148,
    0.0071584189231248055,
    0.0048402694411097775
  ],
  "ser": [
    0.5428171268507404,
    0.518874216353208,
    0.480125383486728,
    0.43170601573962913,
    0.37515006002400964,
    0.3140589569160998,
    0.2508336668000533,
    0.19140989729225022,
    0.1381886087768441,
    0.09557156195811657,
    0.061691343203948236,
    0.04128317993864212,
    0.026377217553688142,
    0.017940509537148194,
    0.011738028544751233,
    0.007916499933306656
  ],
  "ber_ci95": [
    0.002544826448879978,
    0.0032829721189214034,
    0.001797088507825837,
    0.0024827999886565277,
    0.0023961180104344177,
    0.0038738932059444366,
    0.003146093214786594,
    0.006189166327403973,
    0.004261919055398977,
    0.0037925396278180425,
    0.003180529427606913,
    0.0016182246278614314,
    0.0017848642881596573,
    0.0009220088875598614,
    0.0003026676250424794,
    0.0007105945956709871
  ],
  "scheme": "scirs_3x1",
  "config": {
    "seed": 42,
    "modulation": "qpsk",
    "scheme": "scirs_3x1",
    "n_tx": 3,
    "n_rx": 1,
    "snr_db": {
      "start": 0,
      "stop": 30,
      "step": 2
    },
    "n_symbols": 100000,
    "max_errors": 200,
    "batch_size": 5000,
    "seeds": [
      42,
      43,
      44
    ],
    "parallel": {
      "enabled": false,
      "workers": 4
    },
    "channel": {
      "type": "correlated",
      "correlation_rho": 0.0
    },
    "receiver": {
      "detector": "ml"
    },
    "output": {
      "save_raw_json": true,
      "save_csv": true,
      "save_numpy": true,
      "plot": true
    },
    "rotation": {
      "theta_deg": 35.0
    }
  },
  "runtime_s": 0.9643496999997296,
  "seed_runs": [
    {
      "snr_db": 0.0,
      "ber": 0.33423369347739096,
      "ser": 0.5458183273309324,
      "bit_errors": 3341,
      "total_bits": 9996,
      "symbol_errors": 2728,
      "total_symbols": 4998,
      "seed": 42,
      "scheme": "scirs_3x1"
    },
    {
      "snr_db": 0.0,
      "ber": 0.33723489395758305,
      "ser": 0.54421768707483,
      "bit_errors": 3371,
      "total_bits": 9996,
      "symbol_errors": 2720,
      "total_symbols": 4998,
      "seed": 43,
      "scheme": "scirs_3x1"
    },
    {
      "snr_db": 0.0,
      "ber": 0.3386354541816727,
      "ser": 0.5384153661464586,
      "bit_errors": 3385,
      "total_bits": 9996,
      "symbol_errors": 2691,
      "total_symbols": 4998,
      "seed": 44,
      "scheme": "scirs_3x1"
    },
    {
      "snr_db": 2.0,
      "ber": 0.32342937174869946,
      "ser": 0.5242096838735494,
      "bit_errors": 3233,
      "total_bits": 9996,
      "symbol_errors": 2620,
      "total_symbols": 4998,
      "seed": 42,
      "scheme": "scirs_3x1"
    },
    {
      "snr_db": 2.0,
      "ber": 0.3176270508203281,
      "ser": 0.5136054421768708,
      "bit_errors": 3175,
      "total_bits": 9996,
      "symbol_errors": 2567,
      "total_symbols": 4998,
      "seed": 43,
      "scheme": "scirs_3x1"
    },
    {
      "snr_db": 2.0,
      "ber": 0.3205282112845138,
      "ser": 0.5188075230092036,
      "bit_errors": 3204,
      "total_bits": 9996,
      "symbol_errors": 2593,
      "total_symbols": 4998,
      "seed": 44,
      "scheme": "scirs_3x1"
    },
    {
      "snr_db": 4.0,
      "ber": 0.29811924769907966,
      "ser": 0.484593837535014,
      "bit_errors": 2980,
      "total_bits": 9996,
      "symbol_errors": 2422,
      "total_symbols": 4998,
      "seed": 42,
      "scheme": "scirs_3x1"
    },
    {
      "snr_db": 4.0,
      "ber": 0.29571828731492594,
      "ser": 0.477390956382553,
      "bit_errors": 2956,
      "total_bits": 9996,
      "symbol_errors": 2386,
      "total_symbols": 4998,
      "seed": 43,
      "scheme": "scirs_3x1"
    },
    {
      "snr_db": 4.0,
      "ber": 0.29511804721888757,
      "ser": 0.47839135654261705,
      "bit_errors": 2950,
      "total_bits": 9996,
      "symbol_errors": 2391,
      "total_symbols": 4998,
      "seed": 44,
      "scheme": "scirs_3x1"
    },
    {
      "snr_db": 6.0,
      "ber": 0.26860744297719086,
      "ser": 0.4327731092436975,
      "bit_errors": 2685,
      "total_bits": 9996,
      "symbol_errors": 2163,
      "total_symbols": 4998,
      "seed": 42,
      "scheme": "scirs_3x1"
    },
    {
      "snr_db": 6.0,
      "ber": 0.2672068827531012,
      "ser": 0.43217286914765907,
      "bit_errors": 2671,
      "total_bits": 9996,
      "symbol_errors": 2160,
      "total_symbols": 4998,
      "seed": 43,
      "scheme": "scirs_3x1"
    },
    {
      "snr_db": 6.0,
      "ber": 0.2643057222889156,
      "ser": 0.430172068827531,
      "bit_errors": 2642,
      "total_bits": 9996,
      "symbol_errors": 2150,
      "total_symbols": 4998,
      "seed": 44,
      "scheme": "scirs_3x1"
    },
    {
      "snr_db": 8.0,
      "ber": 0.23259303721488594,
      "ser": 0.37775110044017607,
      "bit_errors": 2325,
      "total_bits": 9996,
      "symbol_errors": 1888,
      "total_symbols": 4998,
      "seed": 42,
      "scheme": "scirs_3x1"
    },
    {
      "snr_db": 8.0,
      "ber": 0.23339335734293717,
      "ser": 0.3727490996398559,
      "bit_errors": 2333,
      "total_bits": 9996,
      "symbol_errors": 1863,
      "total_symbols": 4998,
      "seed": 43,
      "scheme": "scirs_3x1"
    },
    {
      "snr_db": 8.0,
      "ber": 0.22939175670268108,
      "ser": 0.3749499799919968,
      "bit_errors": 2293,
      "total_bits": 9996,
      "symbol_errors": 1874,
      "total_symbols": 4998,
      "seed": 44,
      "scheme": "scirs_3x1"
    },
    {
      "snr_db": 10.0,
      "ber": 0.19757903161264506,
      "ser": 0.3195278111244498,
      "bit_errors": 1975,
      "total_bits": 9996,
      "symbol_errors": 1597,
      "total_symbols": 4998,
      "seed": 42,
      "scheme": "scirs_3x1"
    },
    {
      "snr_db": 10.0,
      "ber": 0.19117647058823528,
      "ser": 0.3079231692677071,
      "bit_errors": 1911,
      "total_bits": 9996,
      "symbol_errors": 1539,
      "total_symbols": 4998,
      "seed": 43,
      "scheme": "scirs_3x1"
    },
    {
      "snr_db": 10.0,
      "ber": 0.19227691076430573,
      "ser": 0.31472589035614246,
      "bit_errors": 1922,
      "total_bits": 9996,
      "symbol_errors": 1573,
      "total_symbols": 4998,
      "seed": 44,
      "scheme": "scirs_3x1"
    },
    {
      "snr_db": 12.0,
      "ber": 0.1561624649859944,
      "ser": 0.2537014805922369,
      "bit_errors": 1561,
      "total_bits": 9996,
      "symbol_errors": 1268,
      "total_symbols": 4998,
      "seed": 42,
      "scheme": "scirs_3x1"
    },
    {
      "snr_db": 12.0,
      "ber": 0.15706282513005201,
      "ser": 0.2519007603041217,
      "bit_errors": 1570,
      "total_bits": 9996,
      "symbol_errors": 1259,
      "total_symbols": 4998,
      "seed": 43,
      "scheme": "scirs_3x1"
    },
    {
      "snr_db": 12.0,
      "ber": 0.1518607442977191,
      "ser": 0.24689875950380152,
      "bit_errors": 1518,
      "total_bits": 9996,
      "symbol_errors": 1234,
      "total_symbols": 4998,
      "seed": 44,
      "scheme": "scirs_3x1"
    },
    {
      "snr_db": 14.0,
      "ber": 0.11974789915966387,
      "ser": 0.19387755102040816,
      "bit_errors": 1197,
      "total_bits": 9996,
      "symbol_errors": 969,
      "total_symbols": 4998,
      "seed": 42,
      "scheme": "scirs_3x1"
    },
    {
      "snr_db": 14.0,
      "ber": 0.12314925970388155,
      "ser": 0.19727891156462585,
      "bit_errors": 1231,