{
  "snr_db": 10,
  "theta_deg": [
    0,
    3,
    6,
    9,
    12,
    15,
    18,
    21,
    24,
    27,
    30,
    33,
    36,
    39,
    42,
    45
  ],
  "ber": [
    0.26016666666666666,
    0.26130000000000003,
    0.26489999999999997,
    0.2677333333333333,
    0.2710666666666667,
    0.27249999999999996,
    0.2723333333333333,
    0.2717,
    0.2710666666666666,
    0.2689,
    0.2662,
    0.2637333333333334,
    0.26143333333333335,
    0.2582,
    0.2566333333333333,
    0.2569666666666667
  ],
  "best_theta_deg": 42.0,
  "best_ber": 0.2566333333333333
}