{
  "snr_db": 10,
  "theta_deg": [
    0,
    3,
    6,
    9,
    12,
    15,
    18,
    21,
    24,
    27,
    30,
    33,
    36,
    39,
    42,
    45
  ],
  "ber": [
    0.10226666666666666,
    0.1028,
    0.10173333333333334,
    0.09986666666666666,
    0.10046666666666666,
    0.09996666666666666,
    0.10003333333333335,
    0.10389999999999999,
    0.10246666666666666,
    0.10223333333333333,
    0.10253333333333332,
    0.10026666666666667,
    0.09996666666666666,
    0.09946666666666666,
    0.09903333333333332,
    0.09896666666666666
  ],
  "best_theta_deg": 45.0,
  "best_ber": 0.09896666666666666
}